,Start,End,Period,Start Value,End Value,Total Return [%],Benchmark Return [%],Max Gross Exposure [%],Total Fees Paid,Max Drawdown [%],Max Drawdown Duration,Total Trades,Total Closed Trades,Total Open Trades,Open Trade PnL,Win Rate [%],Best Trade [%],Worst Trade [%],Avg Winning Trade [%],Avg Losing Trade [%],Avg Winning Trade Duration,Avg Losing Trade Duration,Profit Factor,Expectancy,Sharpe Ratio,Calmar Ratio,Omega Ratio,Sortino Ratio
ABB,2021-05-27 00:00:00,2025-08-19 00:00:00,1057 days 00:00:00,100.0,88.79169040076442,-11.208309599235577,-38.8044196808012,100.0,0.567168263705993,12.648799624135282,506 days 00:00:00,3,3,0,0.0,0.0,-1.6024595687331424,-7.736124454148449,,-3.8488747412955373,,11 days 16:00:00,0.0,-3.7361031997451923,-0.9785721327116572,-0.31796796380839815,0.43969100289863555,-1.1939835245611754
ACB,2016-06-06 00:00:00,2025-08-19 00:00:00,2299 days 00:00:00,100.0,103.62395568235044,3.6239556823504415,257.7826417698435,100.0,3.071841390834051,38.85900890308476,1835 days 00:00:00,14,14,0,0.0,28.57142857142857,32.421845513251895,-14.730909090909087,13.198601429684095,-4.20426900809421,41 days 00:00:00,13 days 14:24:00,1.0728530808765393,0.2588539773107468,0.11515075679344976,0.014585451552164572,1.0519488614288777,0.1541396371156424
ACG,2021-12-23 00:00:00,2025-08-19 00:00:00,902 days 00:00:00,100.0,97.20596261609923,-2.794037383900772,-37.64144705170834,100.0,0.19720336578206396,2.88294375925793,724 days 00:00:00,1,1,0,0.0,0.0,-2.7968314212846774,-2.7968314212846774,,-2.7968314212846774,,15 days 00:00:00,0.0,-2.794037383900777,-0.7180210574143505,-0.39548834806331307,0.39372616009111944,-0.7756629373482751
ACV,2017-04-18 00:00:00,2025-08-19 00:00:00,2085 days 00:00:00,100.0,271.01001026430487,171.01001026430487,33.31212761428135,100.0,2.637645807395893,15.05232037233445,1578 days 00:00:00,6,6,0,0.0,66.66666666666666,112.18572363388584,-3.782477026404478,36.5828337815816,-3.0030762756303573,54 days 06:00:00,14 days 00:00:00,12.13786630868817,28.501668377384146,1.34004779775563,1.2668421386369364,1.7893255488180198,2.5295734835553776
AGR,2016-06-06 00:00:00,2025-08-19 00:00:00,2303 days 00:00:00,100.0,100.69319039244647,0.6931903924464677,556.8965517241414,100.0,2.384447318451762,51.17195502348708,2100 days 00:00:00,14,14,0,0.0,35.714285714285715,41.6186046511628,-15.843681318681307,16.234969745494503,-7.41854909938628,36 days 00:00:00,11 days 21:20:00,1.0119188727430626,0.049513599460461855,0.1121706507910748,0.002140702423298942,1.0454788008593858,0.16280121902799347
ANV,2016-06-06 00:00:00,2025-08-19 00:00:00,2303 days 00:00:00,100.0,389.0774455602745,289.0774455602745,903.4017615144114,100.0,6.903555251255533,29.206654827469908,1833 days 00:00:00,9,9,0,0.0,77.77777777777779,121.45109298190495,-18.98567870485678,33.43443354577079,-12.71471435242838,37 days 10:17:08.571428571,6 days 12:00:00,3.365875179211427,32.11971617336384,1.0850180326869936,0.8226348621870592,1.5671584121953543,1.7923396275712697
BAB,2018-05-29 00:00:00,2025-08-19 00:00:00,1803 days 00:00:00,100.0,110.33794036007669,10.337940360076686,-9.91920595570106,100.0,0.8306710771291703,16.770057199074056,1105 days 00:00:00,4,4,0,0.0,25.0,16.58320000000001,-2.9944055944055763,16.58320000000001,-1.8120853402889898,18 days 00:00:00,18 days 16:00:00,2.7741377593177248,2.584485090019167,0.26400349320333016,0.11994740554879135,1.3664756565521208,0.5667797091695745
BAF,2022-05-04 00:00:00,2025-08-19 00:00:00,824 days 00:00:00,100.0,127.82559996145795,27.825599961457954,20.91398900175212,100.0,1.106449094643287,11.608616620152581,437 days 00:00:00,5,5,0,0.0,60.0,17.011900532859695,-3.1016597510373343,10.14132428226376,-2.029957010243517,26 days 00:00:00,13 days 12:00:00,7.070877573033433,5.565119992291589,0.9801758112163131,0.9895973029100184,1.5005898126523547,1.9800507499237847
BCM,2018-07-13 00:00:00,2025-08-19 00:00:00,1767 days 00:00:00,100.0,201.84634373387468,101.84634373387469,398.16280384397675,100.0,1.8442713573518121,17.570684032948158,763 days 00:00:00,6,6,0,0.0,66.66666666666666,37.23765319537575,-9.532991321118589,24.740310607487377,-7.689756530124503,39 days 18:00:00,11 days 00:00:00,5.809415845561967,16.97439062231244,0.8740083922704122,0.8885809658909851,1.5044855406694226,1.5788778429701178
BGE,2024-12-19 00:00:00,2025-08-19 00:00:00,164 days 00:00:00,100.0,100.61880565477689,0.6188056547768923,-36.12491128459902,100.0,0.09990009990008275,0.09990009990008275,1 days 00:00:00,1,0,1,0.6188056547768923,,,,,,,,,,1.2714162369199484,13.838272906814204,7.201438848922073,9.251602691042297
BHN,2017-04-03 00:00:00,2025-08-19 00:00:00,2095 days 00:00:00,100.0,112.51401179176548,12.514011791765483,-49.98663790858383,100.0,0.4445411100510791,20.12987012987013,1885 days 00:00:00,2,2,0,0.0,50.0,16.02307692307694,-3.014084507042249,16.02307692307694,-3.014084507042249,23 days 00:00:00,23 days 00:00:00,4.582537585001175,6.25700589588274,0.25596903523791575,0.10310457456981661,1.2692087326594845,0.40658869753857624
BIC,2016-06-06 00:00:00,2025-08-19 00:00:00,2303 days 00:00:00,100.0,340.16234655648685,240.16234655648688,186.15498901366357,100.0,3.167867756950092,12.496535620747471,975 days 00:00:00,9,8,1,84.47591714383799,87.5,27.84569672131147,-7.127372262773704,15.863157561512043,-7.127372262773704,42 days 03:25:42.857142857,9 days 00:00:00,11.238830244726863,19.460803676581108,1.1746021635349324,1.7135415565169203,1.6189310809215847,2.021957727821954
BID,2016-06-06 00:00:00,2025-08-19 00:00:00,2303 days 00:00:00,100.0,120.63384730069076,20.63384730069076,156.56023469134627,100.0,3.620655685535261,38.249938048694204,1389 days 00:00:00,15,14,1,1.0617845727530977,28.57142857142857,54.93,-14.004363636363612,23.714399836759863,-6.0064469537103875,44 days 12:00:00,12 days 14:24:00,1.2440812945362065,1.398004480566975,0.2583787638586503,0.07889494792610352,1.1100395080483445,0.38968045766369347
BMP,2016-06-06 00:00:00,2025-08-19 00:00:00,2303 days 00:00:00,100.0,75.05230102203417,-24.94769897796583,161.23984260919312,100.0,0.8237965721254684,26.474509221145325,1867 days 00:00:00,5,5,0,0.0,20.0,3.110526315789366,-17.829411764706084,3.110526315789366,-7.40482749081868,30 days 00:00:00,14 days 12:00:00,0.09186311822817303,-4.989539795593168,-0.578178999395366,-0.16795420515859977,0.6700142216266611,-0.7520214717198083
BSI,2016-06-06 00:00:00,2025-08-19 00:00:00,2297 days 00:00:00,100.0,161.96318501569215,61.96318501569213,791.9477670419377,100.0,3.279798281444722,37.35702639210833,1136 days 00:00:00,12,12,0,0.0,66.66666666666666,23.245918367346942,-11.80129032258062,11.86737290461906,-9.481398622969463,33 days 09:00:00,12 days 00:00:00,2.1075999705893733,5.163598751307677,0.45509547279964757,0.2131721301378547,1.1965953937977347,0.6693997220230479
BSR,2018-07-23 00:00:00,2025-08-19 00:00:00,1760 days 00:00:00,100.0,112.88834025999509,12.88834025999509,79.47062621045808,100.0,1.5286061939134534,27.34245631321311,580 days 00:00:00,6,6,0,0.0,33.33333333333333,28.924762219832967,-9.128929471032734,19.270623792770017,-5.420519350788043,57 days 12:00:00,12 days 18:00:00,1.4539683263127918,2.1480567099991763,0.26079437932804883,0.09311507541550681,1.1291835026148924,0.41853958291927446
BVB,2020-11-26 00:00:00,2025-08-19 00:00:00,1178 days 00:00:00,100.0,146.18611450512313,46.18611450512313,23.373325378859523,100.0,0.24623254685215795,18.063738108561825,1053 days 00:00:00,1,1,0,0.0,100.0,46.23230061962824,46.23230061962824,46.23230061962824,,28 days 00:00:00,,inf,46.18611450512313,0.8038209149672058,0.6911792911937727,2.180256249351046,1.9179638921334008
BVH,2016-06-06 00:00:00,2025-08-19 00:00:00,2303 days 00:00:00,100.0,104.15209417445394,4.152094174453936,7.787414119048708,100.0,2.1324602498284464,27.73968100840547,1838 days 00:00:00,10,10,0,0.0,50.0,11.152272727272745,-11.52886597938144,8.439185552302988,-6.920120173423028,32 days 14:24:00,10 days 09:36:00,1.1065563826402565,0.41520941744539286,0.12035916686964013,0.02331855053096566,1.0552963048539707,0.16657089726912327
BWE,2017-12-07 00:00:00,2025-08-19 00:00:00,1921 days 00:00:00,100.0,110.17065665806976,10.17065665806976,138.47208422428642,100.0,1.7968743478545415,17.049319201444067,832 days 00:00:00,8,8,0,0.0,50.0,6.446572580645167,-5.184615384615372,4.551167421179402,-1.9788080383339082,36 days 06:00:00,11 days 06:00:00,2.1015747560031692,1.2713320822587184,0.22204623395003006,0.10894498076303523,1.1048716052649612,0.328171816315633
CC1,2017-12-07 00:00:00,2025-08-19 00:00:00,1921 days 00:00:00,100.0,111.0985654038121,11.098565403812103,57.231526184635804,100.0,1.0160863536859341,21.978123029910243,1379 days 00:00:00,5,5,0,0.0,60.0,19.45766414547795,-21.321714285714286,13.028953433319298,-11.27316483516482,30 days 08:00:00,10 days 00:00:00,1.4213995430854807,2.219713080762423,0.20558830434350778,0.09190449443951784,1.1933997656288828,0.2961925029041202
CEO,2016-06-06 00:00:00,2025-08-19 00:00:00,2303 days 00:00:00,100.0,210.4198883411311,110.4198883411311,232.31347576142974,100.0,1.9872270368508287,43.89189189189189,1200 days 00:00:00,8,8,0,0.0,37.5,187.22706422018348,-19.17541899441339,68.51481587472702,-8.814436209596957,37 days 08:00:00,16 days 04:48:00,3.581193488408412,13.802486042641391,0.5511517617026914,0.2851043736053359,1.3380761813923305,0.8089410679851604
CHP,2016-06-06 00:00:00,2025-08-19 00:00:00,2299 days 00:00:00,100.0,129.92017447328988,29.920174473289872,76.42487046632233,100.0,3.339185126842195,26.41163702414563,1706 days 00:00:00,15,15,0,0.0,33.33333333333333,23.82738674058289,-7.753875236294881,12.776470613090357,-3.1570846751959953,48 days 00:00:00,15 days 04:48:00,1.8396650745916394,1.994678298219326,0.46194218734217,0.16065730695659336,1.2209350836881645,0.6907039647520542
CII,2016-06-06 00:00:00,2025-08-19 00:00:00,2303 days 00:00:00,100.0,215.41019722834181,115.4101972283418,14.38392410602496,100.0,1.56870177328971,40.84628670120898,1167 days 00:00:00,7,6,1,92.78342048631909,83.33333333333334,24.19801980198021,-17.66095504291842,8.578601338064983,-17.66095504291842,33 days 04:48:00,13 days 00:00:00,1.8613033683870488,3.771129457003786,0.7189487640455892,0.31661429074510145,1.4119181212646559,1.1356110927615364
CMG,2016-06-06 00:00:00,2025-08-19 00:00:00,2303 days 00:00:00,100.0,155.04912310032478,55.049123100324785,288.6768632011811,100.0,3.9124747990052917,62.98492444259697,1915 days 00:00:00,15,14,1,-7.493307857068402,42.857142857142854,53.33756906077347,-12.073360655737703,19.504650423197297,-6.028415730291632,37 days 00:00:00,13 days 00:00:00,1.9519002012792404,4.467316496956655,0.43994688212817,0.11428364526816892,1.1881142038047492,0.6705982130835794
CRE,2019-01-24 00:00:00,2025-08-19 00:00:00,1638 days 00:00:00,100.0,71.71549715988209,-28.28450284011791,-43.499719271308265,100.0,0.7488928535415971,45.33331891982843,1241 days 00:00:00,5,5,0,0.0,60.0,10.653443868093335,-32.657484318766045,4.348157415264332,-19.358501774767632,26 days 08:00:00,16 days 12:00:00,0.23972704037480447,-5.65690056802358,-0.14728414169435,-0.15751337286185826,0.890642584445154,-0.16305107496329513
CTD,2016-06-06 00:00:00,2025-08-19 00:00:00,2303 days 00:00:00,100.0,171.9854026461029,71.9854026461029,-32.76208524478399,100.0,2.52884426336276,25.014932832832464,1326 days 00:00:00,11,11,0,0.0,45.45454545454545,37.137625000000014,-7.038392857142846,16.851908749236976,-3.2053363271311155,28 days 09:36:00,15 days 00:00:00,4.325524713258431,6.54412751328208,0.6520821386883625,0.3587448811297833,1.351837300694685,1.0575414433764347
CTG,2016-06-06 00:00:00,2025-08-19 00:00:00,2303 days 00:00:00,100.0,117.85595925009417,17.855959250094173,298.86370315556354,100.0,2.742829116950381,20.826555652700048,1050 days 00:00:00,12,12,0,0.0,66.66666666666666,14.039140271493217,-10.982125178414172,6.582804717286124,-8.104795406229998,31 days 00:00:00,10 days 06:00:00,1.4485293608254963,1.4879966041745116,0.2400077845919875,0.12666803743564994,1.1058963671464161,0.34543062137769825
CTR,2018-03-27 00:00:00,2025-08-19 00:00:00,1844 days 00:00:00,100.0,257.6573575138855,157.65735751388544,713.848920708244,100.0,5.17056723412927,33.197416473827005,1136 days 00:00:00,13,13,0,0.0,46.15384615384615,85.70240345134687,-10.099282165936556,26.970154429442,-4.818693132172643,35 days 12:00:00,14 days 03:25:42.857142857,3.1599246702734174,12.127489039529646,0.8747545404003639,0.6206485892684853,1.407986621091429,1.2782250379900413
CTS,2016-06-06 00:00:00,2025-08-19 00:00:00,2300 days 00:00:00,100.0,84.20518430996643,-15.794815690033573,578.1222208105705,100.0,1.9039642619723507,46.5057028705456,2091 days 00:00:00,10,10,0,0.0,30.0,21.316923076923093,-23.004395188428315,12.485684195545439,-6.833513573079883,40 days 08:00:00,18 days 00:00:00,0.6732905372831404,-1.5794815690033563,-0.02906003787385306,-0.05787067640429001,0.9864579360497995,-0.03776309052492029
DBC,2016-06-06 00:00:00,2025-08-19 00:00:00,2297 days 00:00:00,100.0,116.96132326630533,16.961323266305328,8.589077102785803,100.0,0.6355907286081472,15.3386655867166,1350 days 00:00:00,3,3,0,0.0,66.66666666666666,14.23000000000001,-4.212048192771074,10.569494382022473,-4.212048192771074,42 days 12:00:00,11 days 00:00:00,4.770633267029162,5.6537744221017725,0.28817491746485685,0.16434483747044787,1.2371699980805833,0.4282328874628025
DBD,2017-06-14 00:00:00,2025-08-19 00:00:00,2042 days 00:00:00,100.0,92.50652531836782,-7.493474681632178,49.3442946086339,100.0,0.9309388946906049,11.416522997241435,1437 days 00:00:00,5,5,0,0.0,40.0,2.2797872340425647,-4.924999999999984,1.564762268509912,-3.5564710900889516,21 days 00:00:00,17 days 00:00:00,0.2743593241376877,-1.4986949363264344,-0.17554758109249777,-0.12110742648362786,0.8849522571833356,-0.25868111291410256
DCM,2016-06-06 00:00:00,2025-08-19 00:00:00,2303 days 00:00:00,100.0,78.37145337283921,-21.628546627160787,386.8862021376294,100.0,1.8746470713945813,32.78165867891198,1143 days 00:00:00,10,10,0,0.0,20.0,33.52662693661973,-17.90206043956044,18.399332425655846,-6.672299157597126,31 days 00:00:00,14 days 03:00:00,0.5944115911773291,-2.162854662716077,-0.21374430138757192,-0.11557974521601035,0.8937138756139601,-0.2999147019950857
DDV,2016-06-06 00:00:00,2025-08-19 00:00:00,2303 days 00:00:00,100.0,44.524442237217215,-55.47555776278279,322.50031606996356,100.0,1.7155379994669044,57.35126937858864,2098 days 00:00:00,15,15,0,0.0,26.666666666666668,42.34220560353907,-28.686596583442824,13.830603214125887,-10.768001297488599,26 days 18:00:00,11 days 17:27:16.363636363,0.3124226213865251,-3.6983705175188524,-0.28574356234203613,-0.2098582879123603,0.8651041694173831,-0.4069809061569234
DGC,2016-06-06 00:00:00,2025-08-19 00:00:00,2298 days 00:00:00,100.0,121.5460868226972,21.546086822697205,275.5983029472644,100.0,2.8695978231029766,61.66123487724826,1064 days 00:00:00,11,11,0,0.0,45.45454545454545,23.185681818181695,-30.87483690896764,17.638250883942312,-9.114844052017585,43 days 19:12:00,20 days 12:00:00,1.2526624101351649,1.958735165699748,0.30959572941044394,0.05104897721061317,1.1878615333279672,0.3581213312579698
DGW,2016-06-06 00:00:00,2025-08-19 00:00:00,2303 days 00:00:00,100.0,168.78232558691133,68.78232558691133,192.20759826728133,100.0,4.120016784722198,30.515834189314305,967 days 00:00:00,15,14,1,-5.430885797833781,57.14285714285714,63.42306006859666,-10.174761016949134,14.86199058465175,-7.312941180442155,28 days 03:00:00,14 days 00:00:00,1.96140494328035,5.30094367033894,0.557033010940302,0.28345182700844335,1.2488100003219438,0.8557087650625264
DHG,2016-06-06 00:00:00,2025-08-19 00:00:00,2303 days 00:00:00,100.0,134.40578829081213,34.405788290812126,131.8722985118113,100.0,0.9948289022706305,8.552689035741524,1240 days 00:00:00,4,4,0,0.0,75.0,27.936123866817645,-6.011357340720216,13.146263183882887,-6.011357340720216,33 days 16:00:00,13 days 00:00:00,5.006620406338635,8.60144707270303,0.5674640418853885,0.5609884200504962,1.4727818745900636,1.0787941286151832
DHT,2016-06-06 00:00:00,2025-08-19 00:00:00,2303 days 00:00:00,100.0,866.7334516156782,766.7334516156782,748.2581545545565,100.0,4.897142670416873,18.865779713548235,877 days 00:00:00,7,7,0,0.0,71.42857142857143,173.90108695652145,-9.581054365733113,71.32904103972596,-7.924321269024253,64 days 00:00:00,13 days 12:00:00,15.04029876064478,109.53335023081117,1.7240494839144715,2.1633645657972664,2.0679238917337583,3.7732831486806626
DIG,2016-06-06 00:00:00,2025-08-19 00:00:00,2303 days 00:00:00,100.0,184.86875742109413,84.86875742109413,363.3031934858803,100.0,5.937946376858173,42.87466417498369,933 days 00:00:00,18,18,0,0.0,44.44444444444444,57.983516483517505,-29.979344389763778,21.33157669129875,-7.440908653382239,32 days 09:00:00,13 days 21:36:00,1.5640332326304212,4.7149309678385585,0.5356624590355258,0.23857348011818352,1.212040951343688,0.8055809923382561
DNH,2017-11-06 00:00:00,2025-08-19 00:00:00,1944 days 00:00:00,100.0,67.64351068171035,-32.35648931828965,493.4766271960519,100.0,1.9583931280187301,47.58392856851925,1633 days 00:00:00,10,10,0,0.0,30.0,23.49370406990668,-16.642394014962576,11.540209048943268,-9.382667346075205,46 days 08:00:00,18 days 13:42:51.428571428,0.5072265815616627,-3.2356489318289645,-0.2974771978201863,-0.14872438129332136,0.7487090214922502,-0.3851209636582905
DPG,2017-06-12 00:00:00,2025-08-19 00:00:00,2045 days 00:00:00,100.0,459.96281575185895,359.96281575185895,128.37883127404544,100.0,10.711318875494866,45.44782504307936,820 days 00:00:00,11,11,0,0.0,72.72727272727273,144.07609044901665,-22.38797399783314,39.894717281722706,-17.830624016269216,44 days 03:00:00,17 days 08:00:00,2.0236207461742968,32.72389234107808,1.0345439417852826,0.6888398467859244,1.4528899394818144,1.448389714474192
DPM,2016-06-06 00:00:00,2025-08-19 00:00:00,2303 days 00:00:00,100.0,106.82338530593027,6.823385305930272,55.303719227039274,100.0,1.988603786599865,46.195342162194315,947 days 00:00:00,8,8,0,0.0,25.0,51.704565217391284,-13.292349090909067,32.92595282146143,-7.626295850817106,35 days 00:00:00,17 days 08:00:00,1.1140955765359393,0.8529231632412841,0.15172307313463135,0.022764717068182224,1.0922781013030738,0.19658772516559894
DSC,2018-06-05 00:00:00,2025-08-19 00:00:00,1795 days 00:00:00,100.0,41.20847925606183,-58.79152074393817,-69.78790692967229,100.0,0.7560266081294786,66.1367451560907,1595 days 00:00:00,6,6,0,0.0,16.666666666666664,40.27454357675905,-31.22758016788453,40.27454357675905,-21.198285613464908,39 days 00:00:00,11 days 00:00:00,0.23874599235403735,-9.798586790656362,-0.4957243277566056,-0.24941364690977844,0.7349639713539212,-0.6394776462299566
DSE,2024-11-19 00:00:00,2025-08-19 00:00:00,186 days 00:00:00,100.0,106.87841570194513,6.87841570194513,33.18077803203672,100.0,0.09990009990008275,0.09990009990008275,1 days 00:00:00,1,0,1,6.87841570194513,,,,,,,,,,1.3805625494983464,139.5828418762381,69.92279411765904,96.55012390863132
DTK,2017-05-16 00:00:00,2025-08-19 00:00:00,2062 days 00:00:00,100.0,46.05558031529019,-53.94441968470981,4.796235332494736,100.0,1.1703549924887242,53.94441968470981,1552 days 00:00:00,10,10,0,0.0,30.0,6.589320388349515,-39.446428571428555,4.473030846498197,-11.178610588219877,25 days 00:00:00,18 days 06:51:25.714285714,0.1220369317248159,-5.39444196847098,-0.4647708463199198,-0.2377269973957504,0.7020822998040289,-0.5227529479729557
DVN,2017-10-06 00:00:00,2025-08-19 00:00:00,1965 days 00:00:00,100.0,85.48056540719932,-14.519434592800678,73.1019750230303,100.0,1.4105796125384322,37.35679464048257,1887 days 00:00:00,8,8,0,0.0,37.5,14.232912430305017,-13.694049118387873,4.937725834882578,-5.6255886389780505,25 days 16:00:00,14 days 09:36:00,0.44842065670947895,-1.8149293241000832,-0.08169507512155963,-0.0768809909422393,0.9525299367400819,-0.11958857230093586
DXG,2016-06-06 00:00:00,2025-08-19 00:00:00,2303 days 00:00:00,100.0,117.74565604648723,17.745656046487227,212.92028519353244,100.0,1.183876760429943,27.692980092170277,1478 days 00:00:00,7,6,1,26.435388520616286,16.666666666666664,31.933439490445863,-19.57388949079088,31.933439490445863,-6.836742017257627,45 days 00:00:00,14 days 14:24:00,0.7340391231142185,-1.448288745688175,0.25697565631783226,0.09471094812296892,1.1509083636155404,0.3670371570681158
DXS,2021-12-08 00:00:00,2025-08-19 00:00:00,921 days 00:00:00,100.0,76.52012869058089,-23.47987130941911,-51.42044967641617,100.0,0.386602719211851,37.183794104000846,853 days 00:00:00,2,2,0,0.0,50.0,5.057894736842111,-27.18750430962342,5.057894736842111,-27.18750430962342,35 days 00:00:00,5 days 00:00:00,0.17708942920205514,-11.739935654709555,-0.48236276036791353,-0.27062342543936924,0.6455765266481468,-0.5368930571192279
EIB,2016-06-06 00:00:00,2025-08-19 00:00:00,2303 days 00:00:00,100.0,74.45166476109034,-25.548335238909658,161.34453781512633,100.0,1.1584011292311107,40.65512951274795,1883 days 00:00:00,6,6,0,0.0,33.33333333333333,16.06279069767444,-18.520486275033374,10.172741502683378,-11.267633727288349,22 days 00:00:00,11 days 18:00:00,0.44247335817208,-4.25805587315161,-0.3357582113431409,-0.11236251498408956,0.7700619836192425,-0.41463912580314766
EVF,2018-12-25 00:00:00,2025-08-19 00:00:00,1650 days 00:00:00,100.0,171.1803107474987,71.1803107474987,293.0921939109716,100.0,1.5896612495176983,35.098261296065786,568 days 00:00:00,8,7,1,53.30794747176249,42.857142857142854,29.67675419433559,-24.60408354114712,22.6215164899754,-10.081275089848443,37 days 08:00:00,20 days 12:00:00,1.3879615744908096,2.5531947536766024,0.621187934858086,0.35976360133081214,1.2712695747813831,0.926149816625174
FOX,2017-06-13 00:00:00,2025-08-19 00:00:00,2047 days 00:00:00,100.0,94.46139525554307,-5.538604744456933,153.254615728321,100.0,2.8246985424900095,44.07603761374846,718 days 00:00:00,12,12,0,0.0,50.0,22.158564017883585,-34.123464143128004,10.048054350362639,-8.923578630049388,30 days 12:00:00,10 days 00:00:00,0.9270163321024001,-0.46155039537141374,0.05509638506189138,-0.022934147321653994,1.037242547820376,0.06406462355208797
FPT,2016-06-06 00:00:00,2025-08-19 00:00:00,2304 days 00:00:00,100.0,79.67783730008392,-20.322162699916078,485.1910361390221,100.0,4.162719235738485,41.09434444042988,1004 days 00:00:00,22,22,0,0.0,31.818181818181817,17.81171003717474,-32.98564798682901,9.991612070737961,-5.27436221415821,41 days 13:42:51.428571428,14 days 17:36:00,0.7534746086484347,-0.9237346681780036,-0.0705720060116849,-0.08602097290063923,0.9721215937506537,-0.08283085272190187
FRT,2018-09-17 00:00:00,2025-08-19 00:00:00,1730 days 00:00:00,100.0,85.33383794618247,-14.66616205381753,124.95931090002487,100.0,1.185886808074801,35.19792307692307,846 days 00:00:00,7,7,0,0.0,42.857142857142854,10.926586826347306,-26.86434614481407,7.751339826298108,-8.367555800247574,38 days 00:00:00,12 days 00:00:00,0.5514103347504002,-2.09516600768822,0.004755065538748385,-0.09349419382807923,1.0035165062310587,0.0053452144867738175
FTS,2017-06-13 00:00:00,2025-08-19 00:00:00,2047 days 00:00:00,100.0,165.61751046295336,65.61751046295335,477.669870398641,100.0,3.175258835342987,55.48165108293319,981 days 00:00:00,13,13,0,0.0,38.46153846153847,81.38463541033065,-26.50196111315336,33.044749112413925,-9.294403214377658,37 days 00:00:00,13 days 09:00:00,1.5835498472257932,5.047500804842564,0.47821297039369653,0.16965900779848597,1.2342835201335078,0.6286875138385761
GAS,2016-06-06 00:00:00,2025-08-19 00:00:00,2303 days 00:00:00,100.0,110.79800937195702,10.798009371957022,50.411342256643856,100.0,1.2778108549279674,12.022156454967194,1576 days 00:00:00,6,6,0,0.0,50.0,13.447053571428603,-8.702127659574455,8.649875391187782,-4.650766837608235,26 days 16:00:00,9 days 00:00:00,1.685247266192735,1.799668228659503,0.2504779287542139,0.1362817553489721,1.1732390598028917,0.4096154527642414
GEE,2022-07-28 00:00:00,2025-08-19 00:00:00,746 days 00:00:00,100.0,139.1630908127671,39.16309081276712,296.5231759937242,100.0,0.84315336075135,21.972499545061087,192 days 00:00:00,4,3,1,9.05281228549228,100.0,19.410955495822474,2.29127182044888,9.415962160086162,,28 days 08:00:00,,inf,10.036759509091612,0.7105733757852285,0.7987289903131499,1.289589950919413,1.0525348265297547
GEG,2017-08-10 00:00:00,2025-08-19 00:00:00,2000 days 00:00:00,100.0,155.17406211902988,55.174062119029884,51.39461623686874,100.0,2.8223318250709473,28.31845467366747,861 days 00:00:00,11,11,0,0.0,54.54545454545454,46.32344191301072,-15.515679442508679,13.450915055843652,-4.935434771226108,35 days 08:00:00,14 days 04:48:00,2.6006474877803663,5.015823829002718,0.5685484115139237,0.2948217420139981,1.2524844371523343,0.8976178816149967
GEX,2016-06-06 00:00:00,2025-08-19 00:00:00,2300 days 00:00:00,100.0,90.34966526325915,-9.650334736740845,317.3140001089914,100.0,2.1406375655293823,53.607006985706406,1049 days 00:00:00,10,10,0,0.0,50.0,26.68218181818183,-23.320021528525288,13.366422417152208,-13.145266602600858,29 days 00:00:00,11 days 19:12:00,0.8653180356342082,-0.9650334736740831,-0.017760938182973186,-0.02980188855911296,0.9918174765014788,-0.025136627293548357
GMD,2016-06-06 00:00:00,2025-08-19 00:00:00,2303 days 00:00:00,100.0,117.03279863009419,17.03279863009419,220.34815694113527,100.0,2.2839183703875903,16.410096688045563,987 days 00:00:00,11,10,1,7.321051736527011,50.0,11.944324241181317,-5.6453631395348705,5.531211717003727,-3.375027076680824,28 days 14:24:00,11 days 14:24:00,1.5101273241101851,0.9711746893567157,0.27485700130472585,0.15381428976887668,1.1356387489372621,0.4215683095006948
GVR,2018-08-10 00:00:00,2025-08-19 00:00:00,1748 days 00:00:00,100.0,228.3383338366757,128.3383338366757,320.0654578725712,100.0,3.139227708214352,16.143063729084982,500 days 00:00:00,10,9,1,-7.450034137012409,77.77777777777779,37.67058823529412,-2.773913043478253,14.528541517059132,-2.526182921739113,35 days 13:42:51.428571428,18 days 12:00:00,14.649802276526403,15.087596441520903,0.9258213806921621,1.1655770225415136,1.387042617409328,1.5524947510087204
HAG,2016-06-06 00:00:00,2025-08-19 00:00:00,2303 days 00:00:00,100.0,103.17214622921982,3.1721462292198197,108.12499999999967,100.0,0.8875351593901337,17.945307650669697,1531 days 00:00:00,5,4,1,9.511046681515282,50.0,4.681883194278918,-8.352883569096829,2.513892416811599,-5.534765990462981,25 days 00:00:00,6 days 00:00:00,0.43656471700780286,-1.5847251130738638,0.10049856379701949,0.027648879210877515,1.0874983106706941,0.16350643062280076
HAH,2016-06-06 00:00:00,2025-08-19 00:00:00,2303 days 00:00:00,100.0,73.83308023962411,-26.16691976037589,252.741114855027,100.0,2.4899346561182236,74.58881587621178,980 days 00:00:00,12,12,0,0.0,50.0,104.66192052980132,-55.5271355777945,22.795795709559386,-16.992107886557715,37 days 12:00:00,10 days 20:00:00,0.8449537968459102,-2.1805766466979932,0.05003894850639945,-0.0629346357215232,1.032069625441315,0.05642008051819043
HCM,2016-06-06 00:00:00,2025-08-19 00:00:00,2303 days 00:00:00,100.0,110.88588725033259,10.885887250332587,140.58218977671686,100.0,2.7284608106652497,32.989499808206816,1030 days 00:00:00,12,12,0,0.0,41.66666666666667,36.140228245363765,-17.237209302325585,17.825532886258667,-9.254832429994083,38 days 14:24:00,12 days 10:17:08.571428571,1.142951075680913,0.9071572708610498,0.1826036349618302,0.05005145912538242,1.0733262238231378,0.260999237655257
HDB,2018-06-05 00:00:00,2025-08-19 00:00:00,1802 days 00:00:00,100.0,102.08420700746713,2.0842070074671284,28.675824466927136,100.0,1.9182619189525993,19.129764886378528,886 days 00:00:00,10,10,0,0.0,50.0,22.588859416445626,-10.302247191011224,6.638868859422155,-5.508859340931808,25 days 14:24:00,12 days 14:24:00,1.076761489395856,0.20842070074671293,0.0938782787095433,0.021887185757741543,1.0420108203365803,0.13166245242752975
HDC,2016-06-06 00:00:00,2025-08-19 00:00:00,2303 days 00:00:00,100.0,120.96278070505234,20.96278070505234,510.22575898729406,100.0,2.727672585977189,46.845455975276394,947 days 00:00:00,14,14,0,0.0,28.57142857142857,41.957800000000006,-14.227054794520436,21.16914196608003,-5.251701681711732,49 days 18:00:00,15 days 04:48:00,1.380626174664188,1.4973414789323094,0.2597927060389684,0.06536803315675013,1.1230798565266777,0.3280586119108006
HDG,2016-06-06 00:00:00,2025-08-19 00:00:00,2303 days 00:00:00,100.0,84.25527772025659,-15.744722279743414,203.78432302939734,100.0,1.7089459555933064,46.37059337897945,948 days 00:00:00,8,7,1,0.6767029147427053,42.857142857142854,42.08517447027985,-38.103985231303476,17.734020416304922,-13.29781392244153,33 days 00:00:00,14 days 00:00:00,0.768226718512895,-2.34591788492659,0.013067495340034508,-0.05776690034800858,1.011438107987306,0.01471677544780704
HHS,2016-06-06 00:00:00,2025-08-19 00:00:00,2303 days 00:00:00,100.0,102.93754563437295,2.9375456343729525,128.5626849348899,100.0,3.0375095379733854,46.63655594867919,1364 days 00:00:00,16,16,0,0.0,56.25,48.657654075546716,-16.685207692307692,10.485128306756229,-10.854273716051544,27 days 00:00:00,11 days 17:08:34.285714285,1.0391895060087044,0.18359660214830775,0.1421499251451705,0.009861700087590256,1.0528098615522428,0.2043363169781852
HHV,2016-06-06 00:00:00,2025-08-19 00:00:00,2294 days 00:00:00,100.0,34.76661981608069,-65.23338018391931,76.74914500080843,100.0,1.7771245489011078,76.20481561136451,1475 days 00:00:00,14,13,1,4.4522045873278415,7.6923076923076925,0.06586078938492686,-24.199999999999992,0.06586078938492686,-9.250876165701703,57 days 00:00:00,18 days 02:00:00,0.0009391389691307861,-5.360429597788245,-0.7520811348213664,-0.20304855583956768,0.523630791479678,-0.9018448015997401
HNA,2018-03-01 00:00:00,2025-08-19 00:00:00,1857 days 00:00:00,100.0,58.266683080576385,-41.733316919423615,137.50124738049925,100.0,1.3406695823883974,45.83983145332982,1569 days 00:00:00,9,9,0,0.0,22.22222222222222,0.7081818181818477,-13.519999999999985,0.6536909090909253,-7.5044354858090685,18 days 12:00:00,15 days 03:25:42.857142857,0.024694023097718704,-4.637035213269291,-0.5554671365288273,-0.21973248781894172,0.6487719320021775,-0.6946393535825053
HND,2017-03-01 00:00:00,2025-08-19 00:00:00,2118 days 00:00:00,100.0,53.6620677668222,-46.3379322331778,85.76917179031543,100.0,1.9798583740477138,55.208261395290535,1896 days 00:00:00,14,14,0,0.0,21.428571428571427,7.926533652373646,-18.361507812498843,4.660297722147582,-6.526819749100395,24 days 00:00:00,13 days 04:21:49.090909091,0.17928271258314582,-3.3098523023698414,-0.3995386710865746,-0.18424326349538736,0.8015397566062203,-0.5175422840379483
HNG,2016-06-06 00:00:00,2025-08-19 00:00:00,2295 days 00:00:00,100.0,84.73241814727868,-15.267581852721321,-25.183908045977176,100.0,0.73693910362823,30.1157931467963,1165 days 00:00:00,4,4,0,0.0,25.0,0.7794117647059,-7.144428383705648,0.7794117647059,-5.614003204684368,26 days 00:00:00,11 days 00:00:00,0.0441365387062365,-3.816895463180333,-0.1692220308194924,-0.08634869589304735,0.8700869938103707,-0.2351693844228752
HPG,2016-06-06 00:00:00,2025-08-19 00:00:00,2304 days 00:00:00,100.0,136.89699186763852,36.89699186763852,357.3705264550906,100.0,1.9540210683718782,30.193877767592692,1146 days 00:00:00,9,9,0,0.0,44.44444444444444,54.066666666666684,-18.960103583815023,22.147640298304765,-8.18337297115069,56 days 06:00:00,19 days 14:24:00,1.7899182354958891,4.099665763070947,0.38825278054590234,0.1689470890303381,1.2019945125083373,0.4749466779057254
HSG,2016-06-06 00:00:00,2025-08-19 00:00:00,2303 days 00:00:00,100.0,144.1350181632829,44.13501816328288,43.44966603771054,100.0,2.303777115972978,25.3000751930668,1040 days 00:00:00,10,10,0,0.0,30.0,44.55916254543038,-7.411715976331379,28.481328952269696,-5.028528545201029,49 days 00:00:00,14 days 13:42:51.428571428,2.104821944862885,4.413501816328285,0.42256029702054554,0.23577744184899238,1.199600802074703,0.6300453332091687
HT1,2016-06-06 00:00:00,2025-08-19 00:00:00,2303 days 00:00:00,100.0,105.48121039794192,5.481210397941922,-3.990113558890762,100.0,0.4180752065181948,23.706722522760355,2276 days 00:00:00,2,2,0,0.0,50.0,6.300342465753316,-0.7654716981132155,6.300342465753316,-0.7654716981132155,18 days 00:00:00,9 days 00:00:00,7.743299731510921,2.740605198970955,0.14734794043162497,0.03582635263710647,1.2014766444815583,0.21607774604545124
HUT,2016-06-06 00:00:00,2025-08-19 00:00:00,2303 days 00:00:00,100.0,285.5865814371587,185.5865814371587,192.21322521719938,100.0,3.2094387641245143,31.96881091617934,1123 days 00:00:00,10,10,0,0.0,50.0,69.3732142857143,-12.818947368421032,32.71245488741823,-5.374120964205671,43 days 14:24:00,11 days 00:00:00,4.135282120497135,18.558658143715874,0.8403696330896067,0.5660024308883977,1.448518700389618,1.3923524059735937
HVN,2017-06-01 00:00:00,2025-08-19 00:00:00,2048 days 00:00:00,100.0,273.4998439850852,173.4998439850852,42.833002109358496,100.0,3.0600790618543865,49.78634923377458,1573 days 00:00:00,9,9,0,0.0,33.33333333333333,116.69687500000003,-14.203456098856018,68.59879748914969,-7.411721517673555,57 days 08:00:00,12 days 04:00:00,3.235279394568216,19.27776044278724,0.9194050343451963,0.3944814801251045,1.467585175949399,1.4908434446444125
IDC,2018-04-20 00:00:00,2025-08-19 00:00:00,1825 days 00:00:00,100.0,121.88081904766614,21.880819047666137,101.57199273167303,100.0,2.4589926279680894,47.95404247448417,1141 days 00:00:00,9,9,0,0.0,44.44444444444444,77.50000000000001,-14.709285714285794,21.474357355570888,-8.64006301047195,50 days 12:00:00,8 days 19:12:00,1.3361599764442251,2.4312021164073476,0.2942617386953451,0.08418103449483737,1.1444900326337182,0.4292166831953471
IDP,2021-06-07 00:00:00,2025-08-19 00:00:00,1051 days 00:00:00,100.0,103.36086587306986,3.360865873069855,183.64971990149635,100.0,0.8920009039502197,27.55997375728149,967 days 00:00:00,4,4,0,0.0,25.0,27.614285714285742,-11.471077693075923,27.614285714285742,-6.671280451478196,24 days 00:00:00,15 days 00:00:00,1.1387306621548274,0.8402164682674638,0.1555950419048191,0.04189478165298044,1.1403932653994542,0.23271628490321947
IJC,2016-06-06 00:00:00,2025-08-19 00:00:00,2303 days 00:00:00,100.0,173.1621842723489,73.1621842723489,162.48538953061242,100.0,4.486325113861148,40.31834868152387,1141 days 00:00:00,14,14,0,0.0,42.857142857142854,83.68334158060242,-11.453758739783243,21.92243328972122,-6.0362405884185355,25 days 16:00:00,15 days 09:00:00,1.8528006779316295,5.2258703051677795,0.5014529200125725,0.22550068933635867,1.2466447195480859,0.7154908723201809
IMP,2016-06-06 00:00:00,2025-08-19 00:00:00,2304 days 00:00:00,100.0,104.02370876821333,4.023708768213325,146.99902580875803,100.0,1.7269675959773307,24.215416019477722,964 days 00:00:00,8,7,1,-0.10402370876819589,57.14285714285714,12.631192660550376,-13.167788461538454,8.078166141095108,-8.484352818234363,36 days 00:00:00,8 days 16:00:00,1.134169928567998,0.5896760681402196,0.11258403256022466,0.025888591800886183,1.0647876386118418,0.16232546585043847
IPA,2016-11-04 00:00:00,2025-08-19 00:00:00,2191 days 00:00:00,100.0,124.98681815840781,24.986818158407814,273.8509869909722,100.0,2.293456971588412,62.603424483540415,2046 days 00:00:00,7,7,0,0.0,28.57142857142857,105.64696188340807,-37.00526315789473,62.85448049193856,-11.646520052068158,26 days 12:00:00,49 days 19:12:00,1.2463645251773723,3.5695454512011136,0.28318280295324505,0.060467881236961514,1.3173285268520878,0.40117621705571704
KBC,2016-06-06 00:00:00,2025-08-19 00:00:00,2303 days 00:00:00,100.0,97.28508169907636,-2.7149183009236424,170.71512669222017,100.0,2.2931420898021986,31.63806685266727,1604 days 00:00:00,11,11,0,0.0,36.36363636363637,18.32690909090911,-12.391186440677956,8.825585360700671,-4.91876597203325,45 days 18:00:00,11 days 13:42:51.428571428,0.9257630691075978,-0.24681075462942204,0.02926769040665847,-0.013758211921327677,1.012778083999746,0.04166993499786387
KDC,2016-06-06 00:00:00,2025-08-19 00:00:00,2303 days 00:00:00,100.0,214.72805009247077,114.72805009247078,152.30381906674464,100.0,2.923171134697927,11.290322580645155,762 days 00:00:00,9,9,0,0.0,88.88888888888889,25.491005241840682,-0.2221350943844768,10.302665654229862,-0.2221350943844768,27 days 03:00:00,19 days 00:00:00,296.6545306321477,12.74756112138564,1.1328990143809192,1.1404246730768162,1.8478491917314128,2.2613752388756208
KDH,2016-06-06 00:00:00,2025-08-19 00:00:00,2303 days 00:00:00,100.0,85.12205325797937,-14.877946742020626,316.9053930466974,100.0,2.529405746030798,32.19018962076787,1833 days 00:00:00,13,13,0,0.0,38.46153846153847,7.510977701543616,-13.362666853932586,4.202989600720449,-4.382732603986115,23 days 00:00:00,18 days 18:00:00,0.5789828524820735,-1.1444574416938944,-0.11559420892020955,-0.07830615843425234,0.9473172068250365,-0.151639905878425
KLB,2017-11-16 00:00:00,2025-08-19 00:00:00,1936 days 00:00:00,100.0,118.57313830178774,18.573138301787736,174.67984406054487,100.0,1.8745717622683429,27.08347737591611,970 days 00:00:00,8,8,0,0.0,37.5,21.06287571372142,-8.178702163061544,14.009145121252665,-4.277938318501543,27 days 08:00:00,10 days 19:12:00,1.7057427151104483,2.321642287723467,0.2770554322716071,0.12051560087801319,1.171449201488895,0.4545669283535541
KOS,2018-05-09 00:00:00,2025-08-19 00:00:00,1816 days 00:00:00,100.0,73.40955950210774,-26.59044049789226,68.59532787240428,100.0,1.572060391059462,30.434620545304515,1520 days 00:00:00,10,10,0,0.0,30.0,5.764179104477617,-25.900689053442385,4.0259791645798035,-5.492117915718088,30 days 00:00:00,16 days 20:34:17.142857143,0.2545882475688786,-2.6590440497892267,-0.3921475387564115,-0.19792890423518483,0.7678113136695632,-0.4285128857936597
KSF,2022-03-02 00:00:00,2025-08-19 00:00:00,866 days 00:00:00,100.0,116.31257848351366,16.31257848351366,-29.871323529411665,100.0,0.9211449456093341,27.46579668533689,739 days 00:00:00,5,4,1,11.02301775903392,25.0,22.869277108433742,-9.189550072568927,22.869277108433742,-4.952518826304752,20 days 00:00:00,11 days 16:00:00,1.3250899724503784,1.3223901811199337,0.4142083095190123,0.2394321262061185,1.299235688767132,0.7044278588461268
KSV,2016-12-15 00:00:00,2025-08-19 00:00:00,2159 days 00:00:00,100.0,87.00172181379335,-12.998278186206647,2792.1222651387716,100.0,0.7679310017830444,31.63634369602705,1321 days 00:00:00,4,4,0,0.0,50.0,29.388274683788467,-26.489473684210513,18.756637341894237,-20.956165413533824,19 days 00:00:00,13 days 00:00:00,0.7076228619087437,-3.2495695465516583,-0.07276590472716057,-0.07353995780734496,0.930807241673529,-0.10249985385516233
LGC,2016-06-06 00:00:00,2025-08-19 00:00:00,2303 days 00:00:00,100.0,60.68296212312554,-39.31703787687446,205.08671462313418,100.0,2.414509722335905,43.62989736088923,2250 days 00:00:00,15,15,0,0.0,13.333333333333334,18.87353497164462,-13.199293394881648,10.413276106511978,-5.117538597859552,22 days 00:00:00,15 days 01:50:46.153846153,0.2906230564954844,-2.6211358584582976,-0.36666205821201925,-0.17445328443488753,0.7932229204984761,-0.47923223335460297
LPB,2018-03-01 00:00:00,2025-08-19 00:00:00,1857 days 00:00:00,100.0,106.28046402773958,6.280464027739583,228.5862604001804,100.0,1.4182970071467056,47.461582269909485,1051 days 00:00:00,8,8,0,0.0,25.0,95.62244897959185,-22.017772128495487,49.830315398886846,-9.935972611092964,59 days 00:00:00,12 days 20:00:00,1.1237910885189193,0.785058003467447,0.155724245432984,0.025376923868469056,1.0772650313995034,0.22694662318746844
MBB,2016-06-06 00:00:00,2025-08-19 00:00:00,2303 days 00:00:00,100.0,209.1436928522573,109.14369285225729,343.5776396608679,100.0,6.1303624463939945,33.85144553670549,1030 days 00:00:00,18,17,1,22.804820608205915,52.94117647058824,28.559090909090934,-11.710712621395396,12.675524554826373,-5.042233082773167,36 days 02:40:00,14 days 03:00:00,2.0583652987749357,5.078757190826553,0.6629021345459902,0.3664641496856233,1.2721297959881634,0.8978271302337272
MBS,2016-08-17 00:00:00,2025-08-19 00:00:00,2251 days 00:00:00,100.0,201.98620059173263,101.98620059173263,1284.2005391149257,100.0,3.1406671756066644,40.285708003816154,1030 days 00:00:00,12,12,0,0.0,58.333333333333336,42.484545454545476,-10.038636363636353,17.355498225236847,-6.800865959975079,34 days 00:00:00,16 days 09:36:00,3.2530095789443485,8.498850049311056,0.551062387312122,0.2997290517996485,1.2399202041051247,0.8355241272101406
MCH,2017-06-05 00:00:00,2025-08-19 00:00:00,2053 days 00:00:00,100.0,137.24198773823412,37.2419877382341,187.38277329859932,100.0,1.1527763240467055,9.941505880591972,992 days 00:00:00,5,5,0,0.0,60.0,20.0811192403097,-2.9407587293252746,13.370763559689177,-2.7406743675961134,34 days 08:00:00,18 days 00:00:00,7.2322289359726915,7.448397547646821,0.7312195541765093,0.5823823402266856,1.55850737860409,1.2531178429871168
MML,2020-05-07 00:00:00,2025-08-19 00:00:00,1322 days 00:00:00,100.0,122.05462414816479,22.05462414816479,-15.824003852172941,100.0,0.5219929496496647,14.075758094668823,1081 days 00:00:00,3,2,1,20.157730645078104,50.0,9.158469645620718,-6.651144713860854,9.158469645620718,-6.651144713860854,42 days 00:00:00,13 days 00:00:00,1.261552932499496,0.9484467515433472,0.6141189749250294,0.4018806567610915,1.5562840926417676,1.2252976602199797
MPC,2018-03-12 00:00:00,2025-08-19 00:00:00,1860 days 00:00:00,100.0,22.919359734606417,-77.08064026539358,-56.477535754879995,100.0,0.8460203345516922,79.77614626471033,1587 days 00:00:00,7,6,1,1.1945642652025121,33.33333333333333,0.5869584245076748,-51.94494489901915,0.5269761598167148,-28.291667764010974,23 days 00:00:00,13 days 00:00:00,0.007383963074915763,-13.045867421766017,-0.5985217456398675,-0.31470276849977624,0.4371888273120011,-0.60925907782788
MSB,2021-05-24 00:00:00,2025-08-19 00:00:00,1060 days 00:00:00,100.0,90.69408285117827,-9.305917148821734,-36.9999999999999,100.0,0.3736521835532175,11.235768697650713,477 days 00:00:00,2,2,0,0.0,0.0,-0.8637873754152783,-8.524999999999983,,-4.69439368770763,,16 days 12:00:00,0.0,-4.652958574410866,-0.46508533005533403,-0.29437310235286657,0.701197903522798,-0.5561167318364463
MSN,2016-06-06 00:00:00,2025-08-19 00:00:00,2303 days 00:00:00,100.0,93.63970452214201,-6.3602954778579885,99.09778807406582,100.0,2.7872888115374406,44.4599912224201,1844 days 00:00:00,12,11,1,-1.0861104080985768,36.36363636363637,29.45781250000002,-20.545780766041315,13.662038829259822,-7.360695917827073,30 days 18:00:00,11 days 06:51:25.714285714,0.9162971478891986,-0.479471369978131,0.013612917232266033,-0.02330445834188979,1.0073139873575594,0.017649407123335605
MSR,2016-06-06 00:00:00,2025-08-19 00:00:00,2303 days 00:00:00,100.0,63.000875889259305,-36.999124110740695,40.7872063375647,100.0,1.4269261791437475,38.89306053310159,2098 days 00:00:00,9,9,0,0.0,11.11111111111111,3.6108771361464593,-11.909280439481247,3.6108771361464593,-5.982692448860388,20 days 00:00:00,12 days 00:00:00,0.060552351236185326,-4.111013790082298,-0.6605058622140164,-0.18154546185517115,0.6491095272823159,-0.9279361888469738
MVN,2019-03-05 00:00:00,2025-08-19 00:00:00,1615 days 00:00:00,100.0,75.43663006308769,-24.56336993691231,418.23214285714323,100.0,1.4463957793509628,38.84133232169862,1497 days 00:00:00,8,8,0,0.0,37.5,35.95746728700204,-21.49016393442621,15.858141269580397,-12.831999065105688,46 days 16:00:00,8 days 00:00:00,0.6142615158941686,-3.070421242114037,-0.0820047199879861,-0.15890078903884783,0.9433097366455773,-0.11426612317237217
MWG,2016-06-06 00:00:00,2025-08-19 00:00:00,2304 days 00:00:00,100.0,104.53761172472409,4.537611724724087,107.88641238504711,100.0,3.193704473032408,26.780215633026465,1956 days 00:00:00,16,15,1,-4.567217509896793,40.0,16.78482632541135,-7.84482163406212,7.638902474304753,-3.744248415552657,36 days 16:00:00,14 days 02:40:00,1.2568867752561443,0.6069886156413924,0.11878430761531766,0.02634384762580618,1.0453674756705347,0.17203753504098815
NAB,2021-03-05 00:00:00,2025-08-19 00:00:00,1107 days 00:00:00,100.0,92.11904469197913,-7.880955308020873,9.735509285312327,100.0,1.2933081745096822,35.695611230286005,1047 days 00:00:00,6,6,0,0.0,33.33333333333333,15.197886886264792,-10.432345013477084,7.623351911376486,-5.378971643156427,21 days 00:00:00,15 days 18:00:00,0.65909228344522,-1.3134925513368114,-0.03976053265007338,-0.07480808632596948,0.9776345873012835,-0.052307114950393106
NKG,2016-06-06 00:00:00,2025-08-19 00:00:00,2304 days 00:00:00,100.0,161.63019543532974,61.63019543532974,112.8800111848526,100.0,4.448504361374914,36.335758214839075,1051 days 00:00:00,14,14,0,0.0,42.857142857142854,101.21363636363637,-12.206651108518088,27.379580467798487,-9.42652635986344,37 days 12:00:00,10 days 09:00:00,1.4732946281557382,4.402156816809265,0.4661209747697526,0.217503646894574,1.1983073971071556,0.6904718980845175
NLG,2016-06-06 00:00:00,2025-08-19 00:00:00,2304 days 00:00:00,100.0,82.10080602867542,-17.89919397132458,246.86494022716343,100.0,4.171549328229719,52.864610292892536,1841 days 00:00:00,21,20,1,10.918044909678414,25.0,16.17016806722937,-11.07346938775431,8.290057936444233,-4.714677816670192,30 days 09:36:00,13 days 22:24:00,0.6007286804495933,-1.44086194405015,-0.08801267615098986,-0.05818815755148199,0.9685144751656981,-0.12318106049886413
NT2,2016-06-06 00:00:00,2025-08-19 00:00:00,2303 days 00:00:00,100.0,87.79598885750899,-12.204011142491012,25.745523535695327,100.0,1.402349173329129,27.64378297269382,1894 days 00:00:00,8,8,0,0.0,25.0,10.252658662092637,-8.95742086330934,5.1574112894518604,-3.6810109486139106,30 days 12:00:00,21 days 20:00:00,0.4020689427931994,-1.5255013928113785,-0.10879494731070964,-0.07385647766096506,0.9433012130695779,-0.14616331759090012
NTC,2017-05-18 00:00:00,2025-08-19 00:00:00,2065 days 00:00:00,100.0,146.72810213202297,46.728102132022954,700.9037754278902,100.0,2.1795793642096384,30.421004654714768,1509 days 00:00:00,8,7,1,-0.5320324571102333,57.14285714285714,35.96798615900493,-7.369204870863548,15.458300787387158,-5.32638978461363,36 days 12:00:00,14 days 00:00:00,2.8412954579406255,6.7514477984475985,0.6768869866478784,0.2304958153298798,1.3840305476322332,1.106827261597419
NTP,2016-06-06 00:00:00,2025-08-19 00:00:00,2303 days 00:00:00,100.0,149.39403337687628,49.394033376876266,122.10542215638425,100.0,1.1836929682011457,17.478182914700795,1675 days 00:00:00,5,5,0,0.0,60.0,25.12430069930072,-6.775696202531554,17.90196872132391,-4.123115644069439,37 days 08:00:00,16 days 12:00:00,5.976267957725244,9.878806675375248,0.584504992235948,0.3758259407685586,1.4137362106840294,0.9874035122609791
NVB,2016-06-06 00:00:00,2025-08-19 00:00:00,2303 days 00:00:00,100.0,97.27264275868531,-2.7273572413146923,189.83050847457758,100.0,1.1820802472018572,27.206903759761875,1086 days 00:00:00,6,5,1,-4.652590322358392,60.0,16.450000000000017,-18.05652173913042,8.574256940664144,-10.191026827012006,21 days 16:00:00,14 days 00:00:00,1.0821902271624206,0.3850466162087418,0.021908015068457052,-0.016073161832734113,1.0162110388369419,0.032889618951660926
NVL,2017-05-29 00:00:00,2025-08-19 00:00:00,2058 days 00:00:00,100.0,119.63620069066799,19.63620069066799,-51.71517320710943,100.0,1.5089998487177767,32.774930084635756,1032 days 00:00:00,7,7,0,0.0,28.57142857142857,62.28753565942506,-14.537499999999994,33.83975875255671,-6.760518921021022,43 days 00:00:00,10 days 00:00:00,1.49049788662288,2.8051715272382847,0.3102397146694876,0.09857650197944659,1.1963223667053033,0.4669388549876733
OCB,2021-06-28 00:00:00,2025-08-19 00:00:00,1035 days 00:00:00,100.0,53.97466946422578,-46.02533053577422,-48.71794871794882,100.0,0.44505422916937537,46.14961437280123,928 days 00:00:00,3,3,0,0.0,0.0,-4.912264150943386,-36.11884834645668,,-17.41327653422107,,14 days 08:00:00,0.0,-15.341776845258075,-0.8949784557284264,-0.4235062631996549,0.2841471606732775,-0.9074186299159855
OIL,2018-07-27 00:00:00,2025-08-19 00:00:00,1764 days 00:00:00,100.0,114.51402261637855,14.514022616378556,-8.972719522591566,100.0,0.8360576858886732,17.40192239894526,1111 days 00:00:00,4,4,0,0.0,50.0,19.392494346842923,-10.74823833034109,13.637475427456266,-5.56230962759829,28 days 12:00:00,16 days 00:00:00,2.2994097456150806,3.6285056540946394,0.2973449951808691,0.1634281361676691,1.231614584373062,0.5024260068331541
ORS,2016-06-06 00:00:00,2025-08-19 00:00:00,2294 days 00:00:00,100.0,195.19289942104893,95.19289942104892,257.8947368421063,100.0,1.624292382362909,27.885732557375036,1024 days 00:00:00,6,6,0,0.0,16.666666666666664,153.5645469667927,-12.37867326156532,153.5645469667927,-4.962379058976983,97 days 00:00:00,17 days 00:00:00,4.5750503631531805,15.865483236841484,0.5899320083411508,0.4026598156787424,1.3912317386627624,1.0473064171961086
PAN,2016-06-06 00:00:00,2025-08-19 00:00:00,2296 days 00:00:00,100.0,106.98139195079146,6.981391950791462,68.48643307968636,100.0,1.3133926105517466,28.589934538688784,1249 days 00:00:00,7,7,0,0.0,42.857142857142854,28.154455445544567,-17.126578073089696,15.672971283523465,-8.353168689997714,43 days 08:00:00,16 days 06:00:00,1.2214982014983218,0.9973417072559227,0.14684568790312827,0.03772636746278994,1.0763843099349992,0.20780076012303048
PAP,2021-12-02 00:00:00,2025-08-19 00:00:00,924 days 00:00:00,100.0,103.62731580805998,3.6273158080599757,69.75796178343974,100.0,1.6879501875481377,32.385816769235014,329 days 00:00:00,10,10,0,0.0,40.0,32.93718476582607,-24.580357142857125,16.392348021606622,-8.22615366155349,26 days 18:00:00,9 days 16:00:00,1.0784522047061766,0.3627315808059999,0.24837422113741112,0.04376744818328673,1.113251843602315,0.3583916440923578
PC1,2017-04-13 00:00:00,2025-08-19 00:00:00,2088 days 00:00:00,100.0,76.45851355660012,-23.541486443399876,82.1298136283102,100.0,1.9357174552783252,39.36867579785161,1102 days 00:00:00,10,10,0,0.0,30.0,14.718400000000024,-28.369966972477044,9.290388475492172,-6.838933200808675,38 days 16:00:00,14 days 20:34:17.142857143,0.5256899300117631,-2.354148644339985,-0.24693806740188648,-0.11643412281635494,0.88427448404068,-0.3191865668472819
PDN,2016-06-06 00:00:00,2025-08-19 00:00:00,2303 days 00:00:00,100.0,26.07465462244727,-73.92534537755273,305.7271826592447,100.0,3.6672004842958867,83.04972307724127,1596 days 00:00:00,20,20,0,0.0,25.0,20.05,-50.13043290103425,9.341049798063251,-10.045622048293232,31 days 04:48:00,17 days 09:36:00,0.41742097250557336,-3.6962672688776372,-0.3878252090455649,-0.23103950814538415,0.8201103722320567,-0.44614800606848976
PDR,2016-06-06 00:00:00,2025-08-19 00:00:00,2303 days 00:00:00,100.0,227.31586013780995,127.31586013780995,362.8390727122021,100.0,5.850307964057764,24.86839723965633,1357 days 00:00:00,15,14,1,13.053414256473957,42.857142857142854,70.79864815637544,-14.85477499999999,22.91123557074491,-4.5983246562581,35 days 04:00:00,15 days 15:00:00,2.368694558613035,8.161603277238285,0.7971413425729135,0.558922725030508,1.3890401793616733,1.2646289305988068
PET,2016-06-06 00:00:00,2025-08-19 00:00:00,2303 days 00:00:00,100.0,80.72758446124638,-19.27241553875362,455.1596541003859,100.0,2.1623669099668246,49.581237154902794,1142 days 00:00:00,11,11,0,0.0,45.45454545454545,35.112877792378455,-26.288197343899995,13.845792706510593,-12.639380300054004,39 days 19:12:00,13 days 08:00:00,0.7665193193149276,-1.7520377762503303,-0.04906814820733512,-0.06728689564005523,0.9795514631253766,-0.06768350452509046
PGB,2021-05-25 00:00:00,2025-08-19 00:00:00,1059 days 00:00:00,100.0,121.43402234024617,21.434022340246173,-3.5358536727439605,100.0,0.5653694021517592,25.60271435290006,576 days 00:00:00,3,3,0,0.0,33.33333333333333,54.15296989422295,-15.42145415149416,54.15296989422295,-11.137139159788351,40 days 00:00:00,10 days 00:00:00,2.0111660629983734,7.144674113415389,0.48538017772214553,0.27038200680630325,1.3709241987202077,0.8612024330872488
PGV,2018-08-10 00:00:00,2025-08-19 00:00:00,1746 days 00:00:00,100.0,118.94203485603765,18.94203485603765,64.58376336216942,100.0,2.0289598294195827,21.94798324952985,929 days 00:00:00,9,9,0,0.0,55.55555555555556,58.63410006715917,-12.114678899082572,13.579233195203294,-8.998593847800631,25 days 09:36:00,10 days 12:00:00,1.469343023163248,2.1046705395597405,0.2795123485927348,0.16825453620565753,1.1686429578935424,0.4868748319611255
PHP,2016-06-06 00:00:00,2025-08-19 00:00:00,2296 days 00:00:00,100.0,132.0869775737445,32.086977573744505,133.10909725212898,100.0,1.7154747921717257,26.04409373931047,979 days 00:00:00,8,8,0,0.0,37.5,32.47820366884115,-12.482786885245895,20.855128425745264,-5.2233848420454425,41 days 16:00:00,8 days 09:36:00,2.135985118770051,4.010872196718061,0.3169019814853219,0.173680924220192,1.1924331556221837,0.5202256255549993
PHR,2016-06-06 00:00:00,2025-08-19 00:00:00,2303 days 00:00:00,100.0,188.79012676112742,88.79012676112742,627.0455655134672,100.0,4.180658538115696,34.00560018381959,719 days 00:00:00,12,12,0,0.0,66.66666666666666,80.63117860465564,-20.033088235294105,16.756729220921418,-10.703583538628234,41 days 03:00:00,8 days 12:00:00,1.8799353929674514,7.399177230093953,0.6336826709328869,0.3115975324536561,1.2617238754269247,0.9818134942297969
PLX,2017-09-12 00:00:00,2025-08-19 00:00:00,1983 days 00:00:00,100.0,87.8564824513557,-12.143517548644297,-31.990448699060003,100.0,1.0857527455595066,22.292249256166823,1561 days 00:00:00,6,6,0,0.0,33.33333333333333,7.99225512528475,-9.388127090300996,6.422406260291595,-6.082900686753383,31 days 00:00:00,13 days 12:00:00,0.47781365404182724,-2.023919591440717,-0.20162053749755235,-0.10563461327489751,0.8844743020827158,-0.28503999757174103
PNJ,2016-06-06 00:00:00,2025-08-19 00:00:00,2303 days 00:00:00,100.0,80.74735363992617,-19.252646360073825,178.88464655190788,100.0,2.2047998038836996,33.65650317337276,1074 days 00:00:00,11,11,0,0.0,36.36363636363637,10.309574468085128,-9.997142857142833,5.9189009094114615,-6.084476747602772,33 days 00:00:00,11 days 03:25:42.857142857,0.5586729084695995,-1.7502405781885297,-0.3538182430266662,-0.09901255001196038,0.8393850558270513,-0.4798846981404496
POW,2018-07-26 00:00:00,2025-08-19 00:00:00,1756 days 00:00:00,100.0,124.29231601046943,24.292316010469435,28.012643224021573,100.0,1.134695504599835,29.114361924497157,898 days 00:00:00,6,5,1,20.995810949287062,40.0,22.000000000000004,-8.886956521739108,12.590037593984968,-6.3565352156543184,40 days 12:00:00,13 days 16:00:00,1.1644758180400037,0.6593010122364769,0.37175799762797035,0.1588199067790289,1.2065372088440371,0.5622138960510947
PVD,2016-06-06 00:00:00,2025-08-19 00:00:00,2303 days 00:00:00,100.0,69.44334797625619,-30.55665202374381,-13.222048067716653,100.0,1.128966113161145,34.45930263931204,1591 days 00:00:00,7,7,0,0.0,42.857142857142854,3.6922077922078036,-15.472482014388477,2.310780279806039,-10.178169178239378,28 days 00:00:00,15 days 18:00:00,0.14024435340440122,-4.365236003391973,-0.4539463776964767,-0.16296329985702798,0.7806671983388151,-0.5783885171522455
PVI,2016-06-06 00:00:00,2025-08-19 00:00:00,2303 days 00:00:00,100.0,128.94938988503154,28.949389885031536,276.7735297709182,100.0,2.778281333750691,24.383186506614106,1579 days 00:00:00,12,12,0,0.0,41.66666666666667,18.92545824847252,-5.531152061068697,10.3587144146808,-3.2062377212649893,36 days 04:48:00,9 days 20:34:17.142857142,2.0698364751136205,2.412449157085962,0.3890069494657877,0.16863534724893653,1.212451368995568,0.6178329993607762
PVS,2016-06-06 00:00:00,2025-08-19 00:00:00,2303 days 00:00:00,100.0,79.48882191474152,-20.51117808525848,178.94034132752648,100.0,2.045592947312358,39.71674211096786,1142 days 00:00:00,11,11,0,0.0,27.27272727272727,9.460909104593485,-9.127234042553182,7.497492668074523,-5.39703225285511,39 days 08:00:00,16 days 21:00:00,0.5004958157692008,-1.8646525532053193,-0.12105484538116174,-0.08995669998796872,0.9500098686976858,-0.17039181905328507
PVT,2016-06-06 00:00:00,2025-08-19 00:00:00,2303 days 00:00:00,100.0,73.52152231167905,-26.47847768832095,143.02576446223387,100.0,3.021935912936472,51.212653646473385,1137 days 00:00:00,15,15,0,0.0,20.0,37.910525930339766,-12.735984076086948,18.140034647046797,-6.267506675954718,47 days 08:00:00,11 days 14:00:00,0.659090079211157,-1.7652318458880627,-0.22318332235914656,-0.09290814257880968,0.9100274957492219,-0.3099088505563929
QNS,2017-05-19 00:00:00,2025-08-19 00:00:00,2064 days 00:00:00,100.0,100.58792341124962,0.5879234112496192,-5.38726330372662,100.0,1.166188214367162,15.182117061399511,1134 days 00:00:00,6,6,0,0.0,33.33333333333333,8.219540739798196,-7.652301008935606,7.732056826061941,-3.475011185295398,37 days 00:00:00,14 days 12:00:00,1.0430723228293297,0.09798723520827002,0.047479375862726214,0.006831611661457971,1.0262402833075022,0.07383159633004673
QTP,2017-08-07 00:00:00,2025-08-19 00:00:00,2008 days 00:00:00,100.0,87.88085264888947,-12.119147351110527,74.53018333774139,100.0,2.059281274517347,24.367269932189537,1839 days 00:00:00,11,11,0,0.0,36.36363636363637,13.229525870469875,-12.599696182180168,7.016513716154224,-5.441344656235673,31 days 18:00:00,14 days 20:34:17.142857143,0.6773600708114783,-1.1017406682827753,-0.11207710458591405,-0.09524802459692716,0.9489961997502605,-0.16071029943863524
REE,2016-06-06 00:00:00,2025-08-19 00:00:00,2303 days 00:00:00,100.0,88.6934191532651,-11.306580846734903,289.26716355996047,100.0,2.337830431826398,37.33875693945497,1175 days 00:00:00,11,11,0,0.0,27.27272727272727,38.04065281899112,-24.63330203946976,18.624653316098158,-7.0215780516382855,56 days 00:00:00,12 days 21:00:00,0.8292308914171896,-1.0278709860668123,-0.050378280697581074,-0.050447704787008336,0.9745291281312786,-0.062288456898937875
SAB,2017-05-05 00:00:00,2025-08-19 00:00:00,2074 days 00:00:00,100.0,78.03650273927758,-21.96349726072242,-74.59840041983362,100.0,1.2678550171568694,26.655888620343664,1926 days 00:00:00,7,7,0,0.0,28.57142857142857,3.1698585418933813,-9.275028037383182,1.6639615290112475,-5.430475038589801,24 days 00:00:00,9 days 09:36:00,0.11817898223656736,-3.1376424658174917,-0.49252792253606215,-0.16020959265546453,0.6786555612410058,-0.6919387786230428
SAS,2016-06-06 00:00:00,2025-08-19 00:00:00,2303 days 00:00:00,100.0,95.30020083623147,-4.699799163768532,100.10397113846227,100.0,1.7017653912905486,33.11608897661229,1721 days 00:00:00,10,10,0,0.0,20.0,30.697416080218726,-8.860668516501383,20.935992211934195,-5.0927636153281775,21 days 00:00:00,13 days 21:00:00,0.8717112315532931,-0.4699799163768499,0.026654170388725234,-0.02295063464231251,1.0180352588186783,0.04311880533559372
SBH,2018-10-25 00:00:00,2025-08-19 00:00:00,1701 days 00:00:00,100.0,51.31821628832613,-48.68178371167387,146.65143911529185,100.0,1.8853671819402136,51.42570459445815,1636 days 00:00:00,14,14,0,0.0,35.714285714285715,10.245028049879396,-16.41608339538357,3.938414265306371,-8.95989412331491,16 days 04:48:00,14 days 16:00:00,0.2076060052221049,-3.477270265119562,-0.261335902874549,-0.25935878866746587,0.8576672571325769,-0.3579082535346434
SBT,2016-06-06 00:00:00,2025-08-19 00:00:00,2303 days 00:00:00,100.0,172.0696984420042,72.06969844200421,13.82236056420827,100.0,1.7115252309973004,36.52653339061579,1134 days 00:00:00,8,7,1,62.42985807951135,42.857142857142854,23.487628865979584,-8.917688679245275,11.752026021280193,-5.572308575646143,37 days 00:00:00,13 days 18:00:00,1.3602695052046831,1.3771200517846927,0.7380854616459349,0.24591554971025706,1.4490729881345212,1.203701041816921
SCG,2021-09-01 00:00:00,2025-08-19 00:00:00,982 days 00:00:00,100.0,92.9448092835655,-7.055190716434495,3.3702854230370116,100.0,0.563989598680618,18.226600985221676,743 days 00:00:00,3,3,0,0.0,33.33333333333333,1.1419402985074845,-6.377185501066088,1.1419402985074845,-4.114833352036794,17 days 00:00:00,12 days 00:00:00,0.12936983705317812,-2.351730238811498,-0.18642507209442782,-0.14719165666399187,0.8493776346801002,-0.3176751653593397
SCR,2016-06-06 00:00:00,2025-08-19 00:00:00,2298 days 00:00:00,100.0,144.8723938881438,44.87239388814379,5.26315789473657,100.0,2.291264922365647,31.29770992366413,904 days 00:00:00,9,9,0,0.0,55.55555555555556,35.319577946768064,-14.250051706308161,14.75488236404746,-6.983408714698861,31 days 09:36:00,19 days 18:00:00,2.322798843331205,4.985821543127094,0.38558940281509163,0.1937674397989041,1.1774190007838499,0.5734184134518212
SCS,2017-11-29 00:00:00,2025-08-19 00:00:00,1921 days 00:00:00,100.0,118.30302258793797,18.303022587937974,-45.51616201494674,100.0,2.234887593727031,33.280445350725444,1829 days 00:00:00,9,9,0,0.0,33.33333333333333,42.822453568340016,-11.489961389961383,17.025520887728803,-4.299355986152622,49 days 08:00:00,9 days 16:00:00,1.542017058775512,2.033669176437552,0.3197070293483308,0.0975087131080235,1.1671290428775207,0.5005108174916746
SEA,2017-05-24 00:00:00,2025-08-19 00:00:00,2061 days 00:00:00,100.0,69.11787189822994,-30.88212810177006,175.53167700100985,100.0,0.6613506512006271,31.558042613797436,1814 days 00:00:00,4,4,0,0.0,0.0,-2.243073224852049,-12.137735849056588,,-8.745942381030805,,11 days 12:00:00,0.0,-7.720532025442517,-0.5118231267268997,-0.20064310696507892,0.5784063519021752,-0.6238837473660312
SGB,2021-03-11 00:00:00,2025-08-19 00:00:00,1109 days 00:00:00,100.0,97.96224390846415,-2.0377560915358544,7.821145506206206,100.0,0.3937989452408501,5.061619718309861,525 days 00:00:00,2,2,0,0.0,50.0,0.044030534351156905,-2.0829081825751086,0.044030534351156905,-2.0829081825751086,23 days 00:00:00,1 days 00:00:00,0.020699104890176245,-1.018878045767922,-0.12369231735110793,-0.1334186074466655,0.901284382180421,-0.1834634454236532
SGP,2016-09-14 00:00:00,2025-08-19 00:00:00,2233 days 00:00:00,100.0,117.29500417498124,17.295004174981244,240.14295596034162,100.0,1.6398549901715977,23.105856130641122,1031 days 00:00:00,8,7,1,-7.296382169277933,57.14285714285714,23.47154285714286,-6.5812775330396285,9.931395408761084,-4.720064615776003,27 days 00:00:00,16 days 00:00:00,2.705834975671575,3.513055192037027,0.23793334298070998,0.11433442878941008,1.136462151073209,0.3465864395065503
SHB,2016-06-06 00:00:00,2025-08-19 00:00:00,2300 days 00:00:00,100.0,71.92070368014707,-28.07929631985293,351.34520192838517,100.0,1.4360136137925188,45.63778648784494,2076 days 00:00:00,8,8,0,0.0,25.0,11.26393442622955,-16.345454545454537,6.684659520807079,-7.162954483190524,30 days 12:00:00,12 days 20:00:00,0.31200979867271367,-3.509912039981616,-0.3300371814137712,-0.1116674913538089,0.803999581029265,-0.41162169399832915
SHS,2016-06-06 00:00:00,2025-08-19 00:00:00,2303 days 00:00:00,100.0,317.01844370335954,217.01844370335954,524.1063515947982,100.0,2.0144255340327044,19.02064472058894,734 days 00:00:00,5,5,0,0.0,100.0,69.39150473586639,1.53739130434783,28.103784353501,,38 days 09:36:00,,inf,43.40368874067191,1.0813759748605183,1.0549053102684767,1.7653288286428086,1.9368887684739784
SIP,2019-10-24 00:00:00,2025-08-19 00:00:00,1448 days 00:00:00,100.0,63.76396852328757,-36.23603147671243,-28.610545435662615,100.0,0.5312583218637361,54.355371236660176,508 days 00:00:00,3,3,0,0.0,33.33333333333333,18.09940412386318,-44.41855233126834,18.09940412386318,-23.672087553534517,29 days 00:00:00,20 days 12:00:00,0.3328829807982859,-12.07867715890415,-0.21693249114223637,-0.19727822789256425,0.7350762415627219,-0.22506038676546952
SJG,2018-07-11 00:00:00,2025-08-19 00:00:00,1776 days 00:00:00,100.0,45.20158731532981,-54.7984126846702,141.75824175824238,100.0,1.3760258200866078,65.7601534331999,920 days 00:00:00,9,9,0,0.0,33.33333333333333,14.889827350015866,-25.941104294478535,9.724413615229128,-15.979044617552548,27 days 08:00:00,8 days 12:00:00,0.3133579888739749,-6.0887125205189125,-0.48953115473129377,-0.22896762963544892,0.7537232810322172,-0.6369491483772581
SJS,2016-06-06 00:00:00,2025-08-19 00:00:00,2303 days 00:00:00,100.0,119.57265362531993,19.57265362531993,242.78528208403262,100.0,3.1261252338052534,28.206875604767852,1080 days 00:00:00,15,15,0,0.0,60.0,41.85381882770871,-11.735063559322024,8.520514650926886,-8.035979239923071,27 days 13:20:00,14 days 00:00:00,1.3678239575838136,1.3048435750213283,0.24614635323564105,0.10187463947643384,1.0944185476835664,0.37202340629102026
SNZ,2018-04-16 00:00:00,2025-08-19 00:00:00,1835 days 00:00:00,100.0,79.54860408260437,-20.45139591739563,214.35602288708938,100.0,1.3438140734059596,45.15429018988467,1497 days 00:00:00,7,7,0,0.0,14.285714285714285,30.361832308190483,-10.608151499320288,30.361832308190483,-7.873273242728889,36 days 00:00:00,7 days 20:00:00,0.5736662968225462,-2.9216279881993756,-0.14589900627929667,-0.09853089782956564,0.9036210839259068,-0.210473778302947
SSB,2021-08-13 00:00:00,2025-08-19 00:00:00,1002 days 00:00:00,100.0,96.15878818791293,-3.841211812087067,-43.13186813186818,100.0,0.29334018678005547,4.305747020724326,745 days 00:00:00,2,1,1,-0.5611585320338008,0.0,-3.283333333333318,-3.283333333333318,,-3.283333333333318,,13 days 00:00:00,0.0,-3.280053280053265,-1.2197645529551218,-0.32902432377420293,0.16957127185517448,-1.2759882279757042
SSH,2021-12-23 00:00:00,2025-08-19 00:00:00,909 days 00:00:00,100.0,122.17641418863907,22.17641418863907,-1.8841173005301082,100.0,0.7618309492690756,36.39719051884613,162 days 00:00:00,4,3,1,6.442912888621265,33.33333333333333,19.626288022070234,-1.9942307692307581,19.626288022070234,-1.6334279702529677,19 days 00:00:00,13 days 12:00:00,5.517787013715916,5.244500433339266,0.48209988142974014,0.23009889777545875,1.4777812103184094,0.9380889970134024
SSI,2016-06-06 00:00:00,2025-08-19 00:00:00,2303 days 00:00:00,100.0,195.65563581195636,95.65563581195636,157.00265760027125,100.0,2.6611052494683447,26.634361546035944,787 days 00:00:00,10,10,0,0.0,60.0,52.20404214729203,-10.232390381895314,16.304787071648633,-4.145336344672901,35 days 12:00:00,21 days 18:00:00,6.4204631562465675,9.56556358119564,0.6836335839763128,0.4214086114496078,1.3231372798044794,1.0813545578756778
STB,2016-06-06 00:00:00,2025-08-19 00:00:00,2303 days 00:00:00,100.0,238.6824089781518,138.6824089781518,343.33333333333564,100.0,4.235970803597989,23.933649289099524,881 days 00:00:00,12,12,0,0.0,66.66666666666666,55.06382978723404,-8.419620253164533,15.995485580185251,-5.991922563007343,43 days 12:00:00,12 days 06:00:00,4.248054012975895,11.556867414845987,0.7785712984148789,0.6176966461380282,1.309632691754225,1.1980056389888492
SZC,2019-06-14 00:00:00,2025-08-19 00:00:00,1546 days 00:00:00,100.0,83.8471407313322,-16.152859268667797,113.23826235718361,100.0,1.297209745779387,44.65866073438822,870 days 00:00:00,7,6,1,1.2275745447696664,33.33333333333333,15.095583853434064,-15.861426631364228,12.473864861273588,-9.887318038751125,29 days 12:00:00,11 days 12:00:00,0.6030732518666413,-2.896738968906244,-0.10911935929363065,-0.09122645925591387,0.9260325218934217,-0.1501610528358186
TAL,2024-06-07 00:00:00,2025-08-19 00:00:00,293 days 00:00:00,100.0,109.56733461539835,9.567334615398352,91.592261904762,100.0,0.20957711152710812,7.874470542934155,109 days 00:00:00,1,1,0,0.0,100.0,9.576901950013749,9.576901950013749,9.576901950013749,,24 days 00:00:00,,inf,9.567334615398353,0.8264734285038937,1.5309242079856846,1.5229957159681582,1.5378507220766617
TCB,2018-10-22 00:00:00,2025-08-19 00:00:00,1704 days 00:00:00,100.0,50.92671123589645,-49.07328876410355,36.11111111111005,100.0,2.6219010649668055,65.04050751465304,1051 days 00:00:00,14,13,1,1.2495232363950421,38.46153846153847,36.51538461538464,-49.66311306861405,10.872629525644204,-12.20126340434332,34 days 14:24:00,12 days 09:00:00,0.49315803963390603,-3.8709855384998915,-0.2896188371795114,-0.2069163582544231,0.8529362116323368,-0.31931629203417217
TCH,2017-03-01 00:00:00,2025-08-19 00:00:00,2118 days 00:00:00,100.0,57.484094269502194,-42.515905730497806,61.47169413654257,100.0,1.6356569599581183,50.20206250836359,1593 days 00:00:00,11,11,0,0.0,45.45454545454545,15.334688995215318,-23.846542553191476,6.640145546081741,-13.275024276440718,26 days 04:48:00,10 days 16:00:00,0.32525973205243625,-3.865082339136162,-0.5243274278134468,-0.18127413930854022,0.7896419960675359,-0.6790687439126537
TDM,2016-08-23 00:00:00,2025-08-19 00:00:00,2241 days 00:00:00,100.0,75.50127424452504,-24.498725755474965,206.5713150032672,100.0,2.994431330177574,37.80394282601407,2006 days 00:00:00,20,19,1,1.7270112594228948,31.57894736842105,17.686058003169567,-15.279245283018847,4.180158273817903,-3.9829748928013045,24 days 20:00:00,12 days 18:27:41.538461538,0.41123088288856596,-1.3803019481525185,-0.12658588355754344,-0.11834530608504826,0.938525177883422,-0.18001833660651534
THD,2020-11-06 00:00:00,2025-08-19 00:00:00,1192 days 00:00:00,100.0,61.37098489138346,-38.62901510861654,55.13769201948231,100.0,0.8623458662483118,41.83714733203935,947 days 00:00:00,5,5,0,0.0,40.0,2.6971000000000194,-28.742857142857144,2.5041309740883104,-15.902308029511007,42 days 00:00:00,22 days 00:00:00,0.10723348589514842,-7.725803021723307,-1.1154306346143692,-0.33191154605974504,0.44676094823708457,-1.1484677233509721
TID,2019-05-15 00:00:00,2025-08-19 00:00:00,1568 days 00:00:00,100.0,109.79489452315339,9.794894523153388,18.20000000000066,100.0,1.790418715649374,45.89754512057229,942 days 00:00:00,8,8,0,0.0,25.0,79.21067043682434,-23.719360496492158,47.31870247263714,-9.712346502872064,30 days 00:00:00,14 days 08:00:00,1.1388643558704352,1.2243618153941735,0.2242431246730492,0.04791152282586937,1.1232967205665196,0.33005900695810514
TIN,2022-05-30 00:00:00,2025-08-19 00:00:00,807 days 00:00:00,100.0,84.0060934915707,-15.993906508429303,158.61770398288812,100.0,0.1839902835753287,16.257380165289252,270 days 00:00:00,1,1,0,0.0,0.0,-16.009900414937732,-16.009900414937732,,-16.009900414937732,,9 days 00:00:00,0.0,-15.993906508429307,-0.7045050282244502,-0.4662448372970089,0.14808760910535207,-0.7093651280354835
TLG,2016-06-06 00:00:00,2025-08-19 00:00:00,2303 days 00:00:00,100.0,113.05103989591353,13.051039895913533,31.371412582477063,100.0,2.25725885848299,20.327588303252625,1499 days 00:00:00,10,10,0,0.0,40.0,24.66008939135,-8.140107994452197,10.870174620995241,-4.421991707445123,30 days 00:00:00,15 days 00:00:00,1.4400579435236014,1.3051039895913545,0.22178053374345308,0.09657777523563851,1.1272362650383994,0.327055382268488
TMP,2016-06-06 00:00:00,2025-08-19 00:00:00,2303 days 00:00:00,100.0,103.3359544019204,3.3359544019204037,283.63964326740285,100.0,2.531762343840562,29.997175334958335,2133 days 00:00:00,14,14,0,0.0,42.857142857142854,15.142784714285737,-15.328459530026153,6.601557618313582,-4.0868283201050435,33 days 08:00:00,12 days 03:00:00,1.106737100304924,0.23828245728002795,0.1092067689379684,0.017382942586584738,1.0534524461078367,0.15014135847896104
TMS,2016-06-06 00:00:00,2025-08-19 00:00:00,2303 days 00:00:00,100.0,169.49765460197364,69.49765460197365,33.968071047257986,100.0,1.8012637922464567,12.334866710719862,942 days 00:00:00,8,8,0,0.0,50.0,40.75117493472583,-2.761538461538459,16.077637715481885,-0.8986244946179538,30 days 18:00:00,24 days 06:00:00,20.18575959851565,8.68720682524671,0.6143068910386191,0.7071515093268721,1.3426088520424257,0.9814285653222108
TOS,2022-01-26 00:00:00,2025-08-19 00:00:00,887 days 00:00:00,100.0,105.27249907317818,5.272499073178182,415.27086338546025,100.0,1.286806033412038,13.625864370211321,336 days 00:00:00,7,6,1,3.6874452239191413,50.0,6.267081036706923,-5.714662244202909,4.204837782884385,-3.488666296895182,18 days 00:00:00,12 days 16:00:00,1.1498932948224336,0.26417564154317286,0.21344838051211792,0.15682519492460817,1.096132906815946,0.34418506601770343
TPB,2018-09-11 00:00:00,2025-08-19 00:00:00,1733 days 00:00:00,100.0,53.82800100747373,-46.17199899252627,27.42985717809676,100.0,1.364398797568736,56.862325251180046,947 days 00:00:00,8,8,0,0.0,25.0,14.301612903225818,-45.52922853578391,8.121163594470062,-10.287848347114405,27 days 12:00:00,20 days 00:00:00,0.24436175283069922,-5.771499874065784,-0.2735323618391713,-0.21508249094206564,0.7861425354720826,-0.2896995644136394
TVN,2016-06-15 00:00:00,2025-08-19 00:00:00,2296 days 00:00:00,100.0,52.43079701600706,-47.56920298399294,33.82262996941823,100.0,0.9997753080118463,50.3845536224517,2098 days 00:00:00,7,7,0,0.0,0.0,-2.6629268292682826,-14.643373493975895,,-8.714463000671195,,11 days 17:08:34.285714285,0.0,-6.7956004262847065,-0.7624585325128814,-0.1936154023932044,0.519104284583378,-0.9166660104943066
VAB,2021-12-08 00:00:00,2025-08-19 00:00:00,912 days 00:00:00,100.0,100.99671059432029,0.9967105943202911,-4.819019966607041,100.0,0.5419228207082611,22.909115295746037,419 days 00:00:00,3,3,0,0.0,33.33333333333333,30.555137277101636,-16.891002083727972,30.555137277101636,-11.906576680370854,36 days 00:00:00,9 days 00:00:00,1.044058417680089,0.3322368647734306,0.09387918679428586,0.01736063440366669,1.0632174557289602,0.12804419547891724
VBB,2019-12-17 00:00:00,2025-08-19 00:00:00,1415 days 00:00:00,100.0,86.0849564563594,-13.915043543640607,-8.73335153153545,100.0,1.2758164825195004,18.562298123376824,1404 days 00:00:00,7,7,0,0.0,28.57142857142857,15.7778899082569,-12.903592029365491,8.776272547908647,-5.957215672676406,21 days 12:00:00,12 days 00:00:00,0.5181134449863288,-1.9878633633772291,-0.25786910027892285,-0.2042460631595235,0.8462497358248066,-0.3230112624874375
VCB,2016-06-06 00:00:00,2025-08-19 00:00:00,2303 days 00:00:00,100.0,132.2332821459712,32.23328214597119,94.6876546747068,100.0,2.3386404690635123,14.136625397018188,1148 days 00:00:00,10,9,1,-2.194001435231911,55.55555555555556,28.564980544747097,-5.301276595744668,9.421660564921085,-3.2647138649154126,35 days 19:12:00,13 days 00:00:00,3.109756613867983,3.8252537312447874,0.4178340394894629,0.32027770371790415,1.2153942489071081,0.6428059954981516
VCF,2016-06-06 00:00:00,2025-08-19 00:00:00,2303 days 00:00:00,100.0,81.24212611550917,-18.757873884490834,249.99377123525684,100.0,2.277663047744447,31.70589036283367,1583 days 00:00:00,12,12,0,0.0,16.666666666666664,18.20263157894739,-9.462323735408553,9.235334529713155,-3.675664252102804,23 days 00:00:00,11 days 12:00:00,0.4716253485334787,-1.563156157040901,-0.1649540913461444,-0.10215075994922028,0.901831938835797,-0.22737525759338278
VCG,2016-06-06 00:00:00,2025-08-19 00:00:00,2299 days 00:00:00,100.0,54.00424526308061,-45.99575473691939,173.56070382653348,100.0,2.0927380102536266,48.578895949985636,1920 days 00:00:00,13,13,0,0.0,23.076923076923077,5.997741632653075,-23.612050266357627,4.027128830822076,-6.870623967648931,23 days 00:00:00,12 days 19:12:00,0.16486341290463094,-3.5381349797630306,-0.5681523167684414,-0.19182066509916218,0.6967985428296277,-0.6675543640693111
VCI,2017-11-24 00:00:00,2025-08-19 00:00:00,1930 days 00:00:00,100.0,168.01478866498627,68.01478866498628,106.30017318460139,100.0,2.9696572543194555,35.7489417922539,733 days 00:00:00,9,9,0,0.0,66.66666666666666,41.98651026392962,-21.946919164689817,18.722738008685305,-14.565682435667718,43 days 00:00:00,11 days 16:00:00,1.7828500953904058,7.557198740554028,0.5427484294371869,0.28841897134152267,1.238233661826695,0.7650336139008669
VCR,2016-06-06 00:00:00,2025-08-19 00:00:00,2298 days 00:00:00,100.0,424.7526659288856,324.7526659288856,1581.8518518518563,100.0,4.134991402080635,23.68858881522118,1444 days 00:00:00,9,9,0,0.0,55.55555555555556,102.70451127819547,-8.702127659574451,45.775992098792614,-5.675123748320583,40 days 14:24:00,13 days 12:00:00,9.343602501470533,36.083629547653956,0.9848248313438787,1.090215326165208,1.6175463828639431,1.8661393372351314
VCS,2016-06-06 00:00:00,2025-08-19 00:00:00,2304 days 00:00:00,100.0,102.51903064357559,2.51903064357559,89.96732611318241,100.0,1.3299372836624035,22.18343868113452,1469 days 00:00:00,7,6,1,-0.5065408797546667,50.0,14.906562756357669,-12.970721649484517,7.513842702695123,-5.810986169517479,31 days 16:00:00,20 days 16:00:00,1.1659488834129645,0.5042619205550429,0.09193130031107825,0.017801542399796467,1.0593140185098526,0.1227568683350152
VDS,2016-06-06 00:00:00,2025-08-19 00:00:00,2297 days 00:00:00,100.0,111.45636195623258,11.456361956232584,192.69470760717473,100.0,2.0009570789262194,48.49556969473628,1024 days 00:00:00,11,11,0,0.0,45.45454545454545,35.915521290717884,-30.709204787058837,18.711791241622116,-10.946824391759634,38 days 19:12:00,13 days 12:00:00,1.1773587833383707,1.0414874505665965,0.20099070531790744,0.03584752400705538,1.0940320599917825,0.2727258043345557
VEA,2018-11-19 00:00:00,2025-08-19 00:00:00,1684 days 00:00:00,100.0,100.48067176315489,0.4806717631548878,37.403440139753805,100.0,0.9282485422732483,26.047100425762665,1598 days 00:00:00,4,4,0,0.0,25.0,27.291366374030133,-14.201640103066214,27.291366374030133,-7.441820575296844,60 days 00:00:00,13 days 00:00:00,1.0179466093038563,0.12016794078872284,0.05962705471413477,0.00399230793207032,1.0371346834655073,0.07998652786780076
VEF,2016-06-06 00:00:00,2025-08-19 00:00:00,2303 days 00:00:00,100.0,145.55807540417442,45.55807540417442,91.09525618500456,100.0,2.6064074595822415,40.60684059059541,1037 days 00:00:00,10,10,0,0.0,40.0,64.35096823387236,-15.012509752925867,31.51512674304317,-10.12020409252587,35 days 12:00:00,13 days 00:00:00,1.5637571961691832,4.555807540417437,0.3729215343501772,0.1509675190215739,1.2240815446190654,0.6547226813153875
VGC,2016-06-06 00:00:00,2025-08-19 00:00:00,2292 days 00:00:00,100.0,154.48036238007947,54.48036238007947,363.6322265673025,100.0,2.9433543503877737,30.657554018611776,844 days 00:00:00,11,11,0,0.0,54.54545454545454,33.88628745343368,-17.81475516074118,17.586479117469512,-9.661442186427156,34 days 12:00:00,11 days 04:48:00,1.7119741071019408,4.952760216370861,0.4368059283287595,0.23391213111842854,1.215134904668728,0.6816886483256009
VGI,2019-02-20 00:00:00,2025-08-19 00:00:00,1624 days 00:00:00,100.0,255.50950813606403,155.50950813606403,312.26178401750883,100.0,2.4085255641935075,27.43311339407844,811 days 00:00:00,8,8,0,0.0,50.0,105.81435386242437,-5.724212407454685,35.44055966673824,-2.8417439699794493,46 days 18:00:00,9 days 12:00:00,7.736447430714138,19.438688517008003,1.0222116278389395,0.855585107113283,1.4893021958151502,1.7439720676463382
VGR,2018-09-04 00:00:00,2025-08-19 00:00:00,1739 days 00:00:00,100.0,138.2772707597656,38.277270759765614,260.1402429830944,100.0,3.1371941883934187,24.316192094144004,613 days 00:00:00,13,13,0,0.0,46.15384615384615,21.40431497017178,-11.62937854557589,9.799771099238368,-3.0430667849270048,24 days 04:00:00,15 days 17:08:34.285714285,2.4748274354415165,2.944405443058894,0.378296074704002,0.2894803896794743,1.2539008429058849,0.5715416464538081
VGT,2017-06-01 00:00:00,2025-08-19 00:00:00,2055 days 00:00:00,100.0,151.8762013208597,51.87620132085971,32.97946131396934,100.0,1.980667490265522,35.60944479897895,1135 days 00:00:00,9,8,1,0.48814221188547435,50.0,75.79025967254147,-11.618187808895918,23.585767186566972,-7.784892004782725,37 days 06:00:00,14 days 06:00:00,2.3960948089048375,6.423507388621781,0.44729391629558846,0.21637195065587841,1.240390672710479,0.7283895603669998
VHC,2016-06-06 00:00:00,2025-08-19 00:00:00,2303 days 00:00:00,100.0,74.27583861980918,-25.724161380190825,273.6009924819847,100.0,2.7997249936938027,40.57652317684288,830 days 00:00:00,16,15,1,-1.8627665644239357,40.0,42.842794759825345,-14.210365853658526,9.139917970420232,-7.883344212562932,27 days 00:00:00,10 days 10:40:00,0.6549731910774477,-1.5907596543844567,-0.15841349208087677,-0.11346135553852146,0.9369480555975465,-0.21444386401624463
VHM,2016-06-06 00:00:00,2025-08-19 00:00:00,2095 days 00:00:00,100.0,103.26168157739623,3.261681577396232,213.00000000000168,100.0,1.6499653790151938,24.55044633273426,1034 days 00:00:00,9,8,1,18.830465944134517,37.5,5.1586206896551925,-10.026229508196712,4.293164550440586,-5.68358855213348,32 days 00:00:00,14 days 00:00:00,0.44436814619904014,-1.9460980458422852,0.10747214991636739,0.022841131130857412,1.0549736197129291,0.15786160285751757
VIB,2017-06-07 00:00:00,2025-08-19 00:00:00,2044 days 00:00:00,100.0,333.88018750589197,233.88018750589197,171.8205388156476,100.0,3.0673018779530152,12.988357050453025,1050 days 00:00:00,8,8,0,0.0,50.0,86.62523745786768,-5.955555555555542,42.770891408715734,-2.8315046955609433,52 days 06:00:00,11 days 18:00:00,9.733414233389736,29.23502343823649,1.5073872849640075,1.8494937851860778,1.9932526775294561,3.0527263729469647
VIC,2016-06-06 00:00:00,2025-08-19 00:00:00,2303 days 00:00:00,100.0,241.636767721923,141.636767721923,263.5356469615476,100.0,5.5163655639400355,24.124435620642533,1057 days 00:00:00,16,16,0,0.0,50.0,38.823437500000004,-8.578709677419331,16.78731525495613,-3.7272036022968935,32 days 21:00:00,13 days 18:00:00,3.401956240863432,8.852297982620186,0.9326892182298013,0.6220973307350073,1.4400369330730238,1.5133099999918784
VIF,2017-06-12 00:00:00,2025-08-19 00:00:00,2042 days 00:00:00,100.0,100.21383915518412,0.2138391551841181,12.108554297909645,100.0,2.683566500502751,33.31565941449141,938 days 00:00:00,12,12,0,0.0,33.33333333333333,45.68882623921316,-14.640207837499993,18.55415782874551,-7.486343474232108,26 days 00:00:00,11 days 00:00:00,1.0030379998761618,0.01781992959867562,0.12426007532278512,0.0011462911107162634,1.0722931805350229,0.19091587556679993
VIX,2016-06-06 00:00:00,2025-08-19 00:00:00,2296 days 00:00:00,100.0,128.20538518913153,28.205385189131533,728.0676597097628,100.0,1.882232120126177,70.54559903811702,1148 days 00:00:00,15,14,1,76.7658881407468,35.714285714285715,37.39934458580208,-23.298265895953985,12.264207338965363,-12.346846948034736,35 days 04:48:00,13 days 05:20:00,0.34465915416027615,-3.4686073536868087,0.3018763469115127,0.057110858883652554,1.1450565924472833,0.3780404098161255
VJC,2017-07-20 00:00:00,2025-08-19 00:00:00,2020 days 00:00:00,100.0,94.78179369719672,-5.2182063028032815,102.95702135401248,100.0,1.1593799060319676,8.35404562735873,1115 days 00:00:00,6,6,0,0.0,33.33333333333333,2.6096875000000117,-6.172996057818645,2.52873343481376,-2.5332626485540635,28 days 00:00:00,14 days 18:00:00,0.479162052658003,-0.8697010504672157,-0.1625195941795861,-0.11535869570533455,0.9050930880319238,-0.22780603743650102
VND,2016-06-06 00:00:00,2025-08-19 00:00:00,2294 days 00:00:00,100.0,257.9860902039645,157.98609020396452,413.9500208861767,100.0,4.608347960575992,31.480670186845018,678 days 00:00:00,14,14,0,0.0,42.857142857142854,67.07369942196533,-16.280769230769216,28.494578537944896,-5.431230488572372,44 days 00:00:00,15 days 15:00:00,3.1926282959901617,11.284720728854612,0.7636378111821356,0.5170097271435644,1.3063502994165328,1.215924835372785
VNM,2016-06-06 00:00:00,2025-08-19 00:00:00,2303 days 00:00:00,100.0,79.95910713083141,-20.040892869168587,-8.505700970899122,100.0,1.0822033466684284,20.178672204415022,1165 days 00:00:00,6,6,0,0.0,0.0,-0.9907651715039344,-8.12993960310612,,-3.6283237834021245,,15 days 20:00:00,0.0,-3.3401488115281013,-0.7085056733633731,-0.17258784488685475,0.6081334947941383,-0.8683907243156767
VNR,2016-06-06 00:00:00,2025-08-19 00:00:00,2303 days 00:00:00,100.0,72.43690530343916,-27.563094696560842,102.16066519443561,100.0,3.538454219591022,40.70857467565636,2139 days 00:00:00,20,20,0,0.0,30.0,11.428519022757671,-8.043388429751598,6.187843244800574,-4.696859950519529,27 days 00:00:00,11 days 12:00:00,0.5353950226015678,-1.3781547348280414,-0.26559123916588306,-0.12238579836782053,0.8823742156139355,-0.3420300914837198
VNZ,2023-06-05 00:00:00,2025-08-19 00:00:00,553 days 00:00:00,100.0,100.0,0.0,-48.422336328626436,0.0,0.0,,,0,0,0,0.0,,,,,,,,,,inf,,inf,inf
VPB,2018-01-05 00:00:00,2025-08-19 00:00:00,1901 days 00:00:00,100.0,167.29387689854883,67.29387689854885,24.639202309105123,100.0,1.8634350210625084,24.248827553030637,1049 days 00:00:00,6,6,0,0.0,50.0,60.755932203389825,-9.34577464788731,27.3591495825025,-5.1296172671591345,53 days 00:00:00,14 days 16:00:00,3.4437318107999633,11.215646149758136,0.8031949744519946,0.42825814239005483,1.4492520271350842,1.177938248826123
VPI,2018-04-24 00:00:00,2025-08-19 00:00:00,1822 days 00:00:00,100.0,54.82460230179438,-45.17539769820562,35.89743589743546,100.0,1.9805621468053518,45.47649148667431,1791 days 00:00:00,15,15,0,0.0,20.0,14.792274348757372,-26.86039532293985,5.233679685757185,-5.712488105680548,23 days 16:00:00,11 days 00:00:00,0.16565157390463112,-3.0116931798803757,-0.6495643059671831,-0.24944304054107533,0.6100997320905365,-0.7303000942693092
VRE,2018-04-02 00:00:00,2025-08-19 00:00:00,1845 days 00:00:00,100.0,100.34519288355055,0.34519288355055266,-24.300485201580134,100.0,0.5454304486921121,19.27162780562213,1008 days 00:00:00,3,3,0,0.0,33.33333333333333,19.8779411764706,-11.188999999999972,19.8779411764706,-8.46949999999998,38 days 00:00:00,10 days 00:00:00,1.0212035002887523,0.11506429451685118,0.05212112013179843,0.003538665163207444,1.0419618875819594,0.07450006062280048
VSC,2016-06-06 00:00:00,2025-08-19 00:00:00,2303 days 00:00:00,100.0,63.87482504851607,-36.12517495148393,-1.8694749985556647,100.0,0.8237045882953729,38.454709867579275,2221 days 00:00:00,5,5,0,0.0,20.0,0.5756211180124294,-14.62999999999999,0.5756211180124294,-10.669933714387076,28 days 00:00:00,10 days 12:00:00,0.013234747274132614,-7.225034990296787,-0.7552990118919851,-0.17833209172452608,0.5231717074816139,-0.9055151491167535
VSF,2018-09-13 00:00:00,2025-08-19 00:00:00,1731 days 00:00:00,100.0,75.949624161322,-24.050375838677994,239.18750000000028,100.0,0.9664815564564666,47.28919343331715,1607 days 00:00:00,6,6,0,0.0,33.33333333333333,13.307027397260285,-13.230434782608683,6.947526863682913,-9.576237767425434,25 days 12:00:00,23 days 18:00:00,0.28570816529557425,-4.008395973113002,-0.19336376344631392,-0.11917605084758907,0.8394968930832747,-0.25205733186264356
VSH,2016-06-06 00:00:00,2025-08-19 00:00:00,2304 days 00:00:00,100.0,100.8001151403804,0.8001151403803988,288.3366558719261,100.0,4.4615113325835605,38.257924560183085,988 days 00:00:00,19,19,0,0.0,36.84210526315789,29.347887323943684,-11.530368388585519,9.325484993246711,-4.740966737568345,35 days 03:25:42.857142857,13 days 12:00:00,1.0110564035367124,0.04211132317791577,0.10219027630761887,0.0033020525885913547,1.0407515684701187,0.1388029483690636
VTP,2019-04-23 00:00:00,2025-08-19 00:00:00,1574 days 00:00:00,100.0,96.78973566098264,-3.210264339017357,46.40215383976356,100.0,1.5774202475565178,21.984221888280473,957 days 00:00:00,8,8,0,0.0,37.5,12.944275967626359,-10.000505030421108,5.994263489633549,-3.9395451676501105,25 days 00:00:00,15 days 09:36:00,0.8407655064200174,-0.4012830423771696,0.014180726787343103,-0.034287980454576476,1.0066991331685977,0.01887244476054364
